,,,,,,Arabic,,,,Translations,,,,,,,,,,,,,,,,,,,,,,
Type,Book,Chapter,Page,Word,Frequency,noun/verb,plural/verb presetn,Gender,Audio File,english,english,urdu,urdu,,,,,,,,,,,,,,,,,,,
noun,1,1,1,1,317,هَذَا,,,1.m4a,this (male),,یہ,,,,,,,,,,,,,,,,,,,,
noun,1,1,1,2,,ذلِكَ,,,2.m4a,that (male),,وہ,,,,,,,,,,,,,,,,,,,,
noun,1,1,1,3,,هَـذِهِ,,,3.m4a,this (female),,یہ,,,,,,,,,,,,,,,,,,,,
noun,1,1,1,4,,تِلْكَ,,,4.m4a,that (female),,وہ,,,,,,,,,,,,,,,,,,,,
noun,1,1,1,5,,هؤُلَآءِ,,,5.m4a,these,,یہ سب,,,,,,,,,,,,,,,,,,,,
noun,1,1,1,6,,ذَلِكم,,,6.m4a,those,,یہ / وہ,,,,,,,,,,,,,,,,,,,,
noun,1,1,1,7,,اُولئِكَ,,,7.m4a,those,,وہ سب,,,,,,,,,,,,,,,,,,,,
noun,1,1,1,8,,الَّذِي,,,8.m4a,he who,,وہ جو,,,,,,,,,,,,,,,,,,,,
noun,1,1,1,9,,الَّتِي,اللّاتي,,9.m4a,she who,,وہ جو,,,,,,,,,,,,,,,,,,,,
noun,1,1,1,10,,الَّذِينَ,,,10.m4a,those who,,وہ سب جو,,,,,,,,,,,,,,,,,,,,
noun,1,1,1,11,,هذِهِ,,,11.m4a,these,,یہ سب,,,,,,,,,,,,,,,,,,,,
noun,1,1,1,12,,الَّتِي,,,12.m4a,those who (for br.pl),,وہ سب جو,,,,,,,,,,,,,,,,,,,,
noun,1,2,1,1,,لَا إِلهَ إلّا اللهُ,,,13.m4a,no god except Allah,,نہیں (کوئی) معبود سوائے اللہ (کے),,,,,,,,,,,,,,,,,,,,
noun,1,2,1,2,,كلّا,,,14.m4a,"never, certainly not",,ہرگز نہیں,,,,,,,,,,,,,,,,,,,,
noun,1,2,1,3,,لَن,,,15.m4a,"will not, never",,ہرگز نہیں,,,,,,,,,,,,,,,,,,,,
noun,1,2,1,4,,لَم,,,16.m4a,did not,,نہیں,,,,,,,,,,,,,,,,,,,,
noun,1,2,1,5,,مَا,,,17.m4a,not,,نہیں، کیا، جو,,,,,,,,,,,,,,,,,,,,
noun,1,2,1,6,,ليسَ (ليسَت),,,18.m4a,not,,نہیں,,,,,,,,,,,,,,,,,,,,
noun,1,2,1,7,,بَلى,,,19.m4a,"yes, indeed, why not",,کیوں نہیں,,,,,,,,,,,,,,,,,,,,
noun,1,2,1,8,,غَير,,,20.m4a,"not, other than",,سوائے، نہ,,,,,,,,,,,,,,,,,,,,
noun,1,2,1,9,,دُون,,,21.m4a,"besides, other than",,سوائے،,,,,,,,,,,,,,,,,,,,,
noun,1,2,1,10,,إلّا,,,22.m4a,"except, unless, if not",,سوائے مگر,,,,,,,,,,,,,,,,,,,,
noun,1,2,1,11,,نَعَمْ,,,23.m4a,yes,,ہاں,,,,,,,,,,,,,,,,,,,,
noun,1,2,1,12,,أَلَا,,,24.m4a,"lo!, do not.., will not…",,خبردار!، سن لو!,,,,,,,,,,,,,,,,,,,,
noun,1,3,2,1,,ـه,,,25.m4a,"his, him",,اس کا۔ کی کے,,,,,,,,,,,,,,,,,,,,
noun,1,3,2,2,,ـهُم,,,26.m4a,"their, them",,ان کا۔ کی۔ کے,,,,,,,,,,,,,,,,,,,,
noun,1,3,2,3,,ـكَ,,,27.m4a,"your, you",,آپ کا۔ کی کے,,,,,,,,,,,,,,,,,,,,
noun,1,3,2,4,,ـكُم,,,28.m4a,"your, you",,آپ سب کا۔ کی کے,,,,,,,,,,,,,,,,,,,,
noun,1,3,2,5,,ـي,,,29.m4a,"my, me",,(مجھ کو)۔ میرا,,,,,,,,,,,,,,,,,,,,
noun,1,3,2,6,,ـنَا,,,30.m4a,"our, us",,ہمارا,,,,,,,,,,,,,,,,,,,,
noun,1,3,2,7,,ـهَا,,,31.m4a,"her, for her",,اس کا۔ کی کے,,,,,,,,,,,,,,,,,,,,
noun,1,3,2,8,,ـهُنَّ,,,32.m4a,"their, them",,ان کا۔ کی۔ کے,,,,,,,,,,,,,,,,,,,,
noun,1,3,2,9,,ـكِ,,,33.m4a,"your, you",,آپ کا۔ کی کے,,,,,,,,,,,,,,,,,,,,
noun,1,3,2,10,,ـكُنَّ,,,34.m4a,"your, you",,آپ سب کا۔ کی کے,,,,,,,,,,,,,,,,,,,,
noun,1,3,2,11,,ـهَا,,,35.m4a,"their, them",,ان سب کا۔ کی۔ کے,,,,,,,,,,,,,,,,,,,,
noun,1,3,2,12,,ـهُما,,,36.m4a,"their, they two",,ان دونوں کا,,,,,,,,,,,,,,,,,,,,
noun,1,3,2,13,,ـكُمَا,,,37.m4a,"your, you two",,آپ دونوں کا,,,,,,,,,,,,,,,,,,,,
noun,1,4,2,1,,هُوَ,,,38.m4a,he,,وہ,,,,,,,,,,,,,,,,,,,,
noun,1,4,2,2,,هُم,,,39.m4a,they,,وہ سب,,,,,,,,,,,,,,,,,,,,
noun,1,4,2,3,,أنتَ,,,40.m4a,you for male,,آپ,,,,,,,,,,,,,,,,,,,,
noun,1,4,2,4,,أنتُم,,,41.m4a,you all for male,,آپ سب,,,,,,,,,,,,,,,,,,,,
noun,1,4,2,5,,أنَا,,,42.m4a,I,,میں,,,,,,,,,,,,,,,,,,,,
noun,1,4,2,6,,نَحنُ,,,43.m4a,we,,ہم,,,,,,,,,,,,,,,,,,,,
noun,1,4,2,7,,هِيَ,,,44.m4a,she,,وہ,,,,,,,,,,,,,,,,,,,,
noun,1,4,2,8,,هُنَّ,,,45.m4a,they,,وہ سب,,,,,,,,,,,,,,,,,,,,
noun,1,4,2,9,,أنتِ,,,46.m4a,you female,,آپ,,,,,,,,,,,,,,,,,,,,
noun,1,4,2,10,,أنتُنَّ,,,47.m4a,you all females,,آپ سب,,,,,,,,,,,,,,,,,,,,
noun,1,4,2,11,,هِيَ,,,48.m4a,"It, she, they (female",,وہ سب,,,,,,,,,,,,,,,,,,,,
noun,1,4,2,12,,هُمَا,,,49.m4a,those two,,وہ دونوں,,,,,,,,,,,,,,,,,,,,
noun,1,4,2,13,,أنتُما,,,50.m4a,you two,,آپ دونوں,,,,,,,,,,,,,,,,,,,,
noun,1,5,3,1,,فَوۡقَ,,,51.m4a,"Above, up",,اوپر,,,,,,,,,,,,,,,,,,,,
noun,1,5,3,2,,تَحْتَ,,,52.m4a,under,,نیچے,,,,,,,,,,,,,,,,,,,,
noun,1,5,3,3,,بَيْنَ أَيْدِي,,,53.m4a,in front of,,سامنے,,,,,,,,,,,,,,,,,,,,
noun,1,5,3,3,,بَيْنَ يَدَيْ,,,54.m4a,in front of,,سامنے,,,,,,,,,,,,,,,,,,,,
noun,1,5,3,4,,خَلۡف,,,55.m4a,"behind / back, after",,پیچھے,,,,,,,,,,,,,,,,,,,,
noun,1,5,3,5,,أَمَام,,,56.m4a,in front of,,سامنے,,,,,,,,,,,,,,,,,,,,
noun,1,5,3,6,,وَرَاء,,,57.m4a,behind,,پیچھے,,,,,,,,,,,,,,,,,,,,
noun,1,5,3,7,,يَمِيْن,,,58.m4a,right (hand),,دائیں,,,,,,,,,,,,,,,,,,,,
noun,1,5,3,7,,يَمِيْن، أیْمَان,,,59.m4a,right; oath,,دائیں، قسَم,,,,,,,,,,,,,,,,,,,,
noun,1,5,3,8,,شِمَال,,,60.m4a,Left (hand),,بائیں,,,,,,,,,,,,,,,,,,,,
noun,1,5,3,9,,بَيْنَ,,,61.m4a,between,,درمیان,,,,,,,,,,,,,,,,,,,,
noun,1,5,3,10,,حَوْلَ,,,62.m4a,around/ year,,اطراف,,,,,,,,,,,,,,,,,,,,
noun,1,5,3,11,,حَيْثُ,,,63.m4a,wherever,,جہاں، جس جگہ,,,,,,,,,,,,,,,,,,,,
noun,1,5,3,12,,أيْنَمَا,,,64.m4a,wherever,,جہاں,,,,,,,,,,,,,,,,,,,,
noun,1,5,3,13,,هٰهُنَا / هُنَالِكَ,,,65.m4a,here/there,,یہاں/وہاں,,,,,,,,,,,,,,,,,,,,
noun,1,6,3,1,,مَا,,,66.m4a,What? that which,,کیا، جو,,,,,,,,,,,,,,,,,,,,
noun,1,6,3,2,3226,مَنۡ,,,67.m4a,Who,,کون، جو,,,,,,,,,,,,,,,,,,,,
noun,1,6,3,3,,مَتَى,,,68.m4a,When,,کب، جب,,,,,,,,,,,,,,,,,,,,
noun,1,6,3,4,,أَيۡنَ,,,69.m4a,Where,,کہاں، جہاں,,,,,,,,,,,,,,,,,,,,
noun,1,6,3,5,,كَيۡفَ,,,70.m4a,How,,کیسے، جیسے,,,,,,,,,,,,,,,,,,,,
noun,1,6,3,6,,كَمۡ,,,71.m4a,How many/ much,,کتنا، جتنا,,,,,,,,,,,,,,,,,,,,
noun,1,6,3,7,,أَيُّ,,,72.m4a,Which? whatever,,کونسا، جو,,,,,,,,,,,,,,,,,,,,
noun,1,6,3,8,,أنَّى,,,73.m4a,How...? (mostly rhetorical),,کہاں سے، جہاں سے,,,,,,,,,,,,,,,,,,,,
noun,1,6,3,9,,أَ / هَلۡ,,,74.m4a,Is? Am? Are? Do? Have?,,کیا؟,,,,,,,,,,,,,,,,,,,,
noun,1,6,3,10,,مَاذا,,,75.m4a,what,,کیا؟,,,,,,,,,,,,,,,,,,,,
noun,1,6,3,11,,لِمَ,,,76.m4a,Why?,,کیوں؟,,,,,,,,,,,,,,,,,,,,
noun,1,6,3,11,,لِماذا,,,77.m4a,why?,,کیوں؟,,,,,,,,,,,,,,,,,,,,
noun,1,6,3,12,,لولا,,,78.m4a,"if not, why not?",,اگر نہ، کیوں نہیں؟,,,,,,,,,,,,,,,,,,,,
noun,1,6,3,13,,لِمَن,,,79.m4a,for who?,,کس کے لیے,,,,,,,,,,,,,,,,,,,,
noun,1,7,4,1,,ذُو، ذَا، ذِي,,,80.m4a,"endowed with, owner",,والا,,,,,,,,,,,,,,,,,,,,
noun,1,7,4,2,,ذَات,,,81.m4a,"endowed with, owner",,والی,,,,,,,,,,,,,,,,,,,,
noun,1,7,4,3,,أُولُواْ,,,82.m4a,"people of, owners of",,والے,,,,,,,,,,,,,,,,,,,,
noun,1,7,4,3,,أُولِي,,,83.m4a,"people of, owners of",,والے,,,,,,,,,,,,,,,,,,,,
noun,1,7,4,4,,أَهۡل,,,84.m4a,Family/ people of,,والا,,,,,,,,,,,,,,,,,,,,
noun,1,7,4,5,,اٰلِ,,,85.m4a,people/ Family of,,قوم؛ گھر کے لوگ، اتباع کرنے والے,,,,,,,,,,,,,,,,,,,,
noun,1,7,4,7,,نِعۡمَ,,,86.m4a,What an excellent!,,کیا ہی خوب، کیا ہی اچھا,,,,,,,,,,,,,,,,,,,,
noun,1,7,4,8,,بِئۡسَ,,,87.m4a,What an evil!,,کیا ہی بُرا,,,,,,,,,,,,,,,,,,,,
noun,1,7,4,9,,رَيْب,,,88.m4a,doubt,,شک,,,,,,,,,,,,,,,,,,,,
noun,1,7,4,10,,سُوْء / سَوْء,,,89.m4a,evil,,بُرا / قبیح,,,,,,,,,,,,,,,,,,,,
noun,1,7,4,11,,مِثۡل,,,90.m4a,"similar, Like",,جیسے,,,,,,,,,,,,,,,,,,,,
noun,1,7,4,12,,مَثَل,أَمْثَال,,91.m4a,"Example, similitude",,مثال,,,,,,,,,,,,,,,,,,,,
noun,1,7,4,13,,مِمَّنْ (مِنْ + مَنْ),,,92.m4a,than the one who; from those who,,(اس) سے جو,,,,,,,,,,,,,,,,,,,,
noun,1,8,4,1,,قبل,,,93.m4a,before,,پہلے,,,,,,,,,,,,,,,,,,,,
noun,1,8,4,2,,بَعد,,,94.m4a,After,,بعد,,,,,,,,,,,,,,,,,,,,
noun,1,8,4,3,,حِين,,,95.m4a,"time, period, at the time of",,وقت، مدت، گھڑی,,,,,,,,,,,,,,,,,,,,
noun,1,8,4,4,,إِذ,,,96.m4a,when,,جب,,,,,,,,,,,,,,,,,,,,
noun,1,8,4,5,,إِذا,,,97.m4a,when,,جب,,,,,,,,,,,,,,,,,,,,
noun,1,8,4,6,,ثُمَّ,,,98.m4a,then,,پھر,,,,,,,,,,,,,,,,,,,,
noun,1,8,4,7,,فَ,,,99.m4a,"then, thus, therefore",,پس، تو، پھر,,,,,,,,,,,,,,,,,,,,
noun,1,8,4,8,,بَل,,,100.m4a,"nay, rather, but, however",,بلکہ,,,,,,,,,,,,,,,,,,,,
noun,1,8,4,9,,عِنْدَ، لَدَى، لَدُنْ,,,101.m4a,"near, with",,پاس، نزدیک,,,,,,,,,,,,,,,,,,,,
noun,1,8,4,10,,لَئِن,,,102.m4a,indeed if,,واقعی اگر,,,,,,,,,,,,,,,,,,,,
noun,1,8,4,11,,إن، إلّا,,,103.m4a,"nothing, but",,نہیں...مگر,,,,,,,,,,,,,,,,,,,,
noun,1,8,4,12,,مَا، إلّا,,,104.m4a,"nothing, but",,نہیں...مگر,,,,,,,,,,,,,,,,,,,,
noun,1,8,4,13,,ألّا (أن + لا),,,105.m4a,"that.. Not,so as not to",,کہ نہیں,,,,,,,,,,,,,,,,,,,,
noun,1,9,5,1,,بِمَا,,,106.m4a,"with what, because",,(اس) پر جو، اس لیے کہ,,,,,,,,,,,,,,,,,,,,
noun,1,9,5,2,,عَمَّا,,,107.m4a,"about what, away from what",,(اس) سے جو، (اس کے) بارے میں جو,,,,,,,,,,,,,,,,,,,,
noun,1,9,5,3,,فِيمَا,,,108.m4a,in what,,(اس) میں جو,,,,,,,,,,,,,,,,,,,,
noun,1,9,5,4,,كَمَا,,,109.m4a,"as, just as",,جیسا کہ,,,,,,,,,,,,,,,,,,,,
noun,1,9,5,5,,لِمَا,,,110.m4a,"for what, for that which",,(اس کے) لیے جو,,,,,,,,,,,,,,,,,,,,
noun,1,9,5,6,,مِمَّا,,,111.m4a,"out of what, from that which",,(اس) سے جو,,,,,,,,,,,,,,,,,,,,
noun,1,9,5,7,,أمَّا,,,112.m4a,"as to, as for",,جو,,,,,,,,,,,,,,,,,,,,
noun,1,9,5,8,,إمَّا,,,113.m4a,"if, either / or",,اگر، یا,,,,,,,,,,,,,,,,,,,,
noun,1,9,5,9,,أنَّما,,,114.m4a,that,,بےشک، یہ کہ,,,,,,,,,,,,,,,,,,,,
noun,1,9,5,10,,إنَّما,,,115.m4a,"verily, only",,صرف، بےشک,,,,,,,,,,,,,,,,,,,,
noun,1,9,5,11,,كأنّما,,,116.m4a,as if,,گویا کہ,,,,,,,,,,,,,,,,,,,,
noun,1,9,5,12,,كُلّما,,,117.m4a,whenever,,جب بھی,,,,,,,,,,,,,,,,,,,,
noun,1,9,5,13,,لَمَّا,,,118.m4a,"the time when, not yet",,ابھی تک نہیں,,,,,,,,,,,,,,,,,,,,
noun,1,10,5,1,,بـِـ,,,119.m4a,"with, in, from,...",,ساتھ، سے، پر,,,,,,,,,,,,,,,,,,,,
noun,1,10,5,2,,عَنۡ,,,120.m4a,About,,سے، بارے میں,,,,,,,,,,,,,,,,,,,,
noun,1,10,5,3,,فِي,,,121.m4a,in,,میں,,,,,,,,,,,,,,,,,,,,
noun,1,10,5,4,,كَــ,,,122.m4a,As/ like,,جیسے,,,,,,,,,,,,,,,,,,,,
noun,1,10,5,5,,لِ، لَ,,,123.m4a,For (belongs to),,لیے,,,,,,,,,,,,,,,,,,,,
noun,1,10,5,6,,مِنۡ,,,124.m4a,from,,سے,,,,,,,,,,,,,,,,,,,,
noun,1,10,5,7,,إِلَى,,,125.m4a,"towards, to",,طرف، تک,,,,,,,,,,,,,,,,,,,,
noun,1,10,5,8,,تَ,,,126.m4a,By (of oath),,قسم ہے,,,,,,,,,,,,,,,,,,,,
noun,1,10,5,9,,حَتَّى,,,127.m4a,Until,,یہاں تک کہ، تاکہ,,,,,,,,,,,,,,,,,,,,
noun,1,10,5,10,,عَلَى,,,128.m4a,On,,پر، اوپر,,,,,,,,,,,,,,,,,,,,
noun,1,10,5,11,,وَ,,,129.m4a,And/ by(oath),,اور,,,,,,,,,,,,,,,,,,,,
noun,1,10,5,12,,مَعَ,,,130.m4a,With,,ساتھ,,,,,,,,,,,,,,,,,,,,
noun,1,10,5,13,,يَا، یٰٓاَيُّهَا,,,131.m4a,O!,,اُسے,,,,,,,,,,,,,,,,,,,,
noun,1,11,6,1,,قَد,,,132.m4a,indeed,,یقیناً,,,,,,,,,,,,,,,,,,,,
noun,1,11,6,2,,سَ,,,133.m4a,will (soon),,بہت جلد، عنقریب,,,,,,,,,,,,,,,,,,,,
noun,1,11,6,3,,سَوفَ,,,134.m4a,will (later on),,جلد,,,,,,,,,,,,,,,,,,,,
noun,1,11,6,4,,لَ () نَّ,,,135.m4a,will surely,,ضرور,,,,,,,,,,,,,,,,,,,,
noun,1,11,6,5,,لَقَد,,,136.m4a,"indeed, already",,البتہ، تحقیق,,,,,,,,,,,,,,,,,,,,
noun,1,11,6,6,,لَ,,,137.m4a,"indeed, surely",,ضرور (تاکید کے لیے),,,,,,,,,,,,,,,,,,,,
noun,1,11,6,7,,لِ، لْ,,,138.m4a,let sb should do,,چاہیے کہ,,,,,,,,,,,,,,,,,,,,
noun,1,11,6,8,,جِنّ,,,139.m4a,jinn,,جن، جنات,,,,,,,,,,,,,,,,,,,,
noun,1,11,6,9,,جُنُود,,,140.m4a,forces,,افواج، لشکر,,,,,,,,,,,,,,,,,,,,
noun,1,11,6,10,,ميّت، موتى,,,141.m4a,dead,,مردہ,,,,,,,,,,,,,,,,,,,,
noun,1,11,6,11,,إنس,,,142.m4a,mankind,,آدمی,,,,,,,,,,,,,,,,,,,,
noun,1,11,6,12,,بَعْض,,,143.m4a,some of,,کسی چیز کا جز یا حصہ,,,,,,,,,,,,,,,,,,,,
noun,1,11,6,13,,كُلّ,,,144.m4a,everyone,,ہر، سارے,,,,,,,,,,,,,,,,,,,,
noun,1,12,6,1,,إِنَّ,,,145.m4a,verily/ truly,,بےشک,,,,,,,,,,,,,,,,,,,,
noun,1,12,6,2,,أَنَّ,,,146.m4a,That (nouns),,کہ، بےشک,,,,,,,,,,,,,,,,,,,,
noun,1,12,6,3,,كأَنَّ,,,147.m4a,As if,,گویاکہ,,,,,,,,,,,,,,,,,,,,
noun,1,12,6,4,,لَكِنَّ (لَكِنْ),,,148.m4a,"But, however",,لیکن,,,,,,,,,,,,,,,,,,,,
noun,1,12,6,5,,لَعَلَّ,,,149.m4a,perhaps; so that,,شاید کہ,,,,,,,,,,,,,,,,,,,,
noun,1,12,6,6,,أَنۡ,,,150.m4a,to (in order to)/ That (verbs),,کہ,,,,,,,,,,,,,,,,,,,,
noun,1,12,6,7,,إِنۡ,,,151.m4a,If,,اگر,,,,,,,,,,,,,,,,,,,,
noun,1,12,6,8,,إیَّا,,,152.m4a,only,,ہی,,,,,,,,,,,,,,,,,,,,
noun,1,12,6,9,,عَسَی,,,153.m4a,perhaps,,ممکن ہے (کہ),,,,,,,,,,,,,,,,,,,,
noun,1,12,6,10,,لَوۡ,,,154.m4a,If,,اگر، کاش,,,,,,,,,,,,,,,,,,,,
noun,1,12,6,11,,أوْ,,,155.m4a,or,,یا,,,,,,,,,,,,,,,,,,,,
noun,1,12,6,12,,أمْ,,,156.m4a,or?,,یا؟,,,,,,,,,,,,,,,,,,,,
noun,1,12,6,13,,اَلْ,,,157.m4a,the,,,,,,,,,,,,,,,,,,,,,,
noun,1,13,7,1,971,رَبّ,,,158.m4a,"Lord, O Lord",,پروردگار، مالک، آقا,,,,,,,,,,,,,,,,,,,,
noun,1,13,7,2,57,رَحۡمٰن,,,159.m4a,Compassionate,,بڑا مہربان,,,,,,,,,,,,,,,,,,,,
noun,1,13,7,3,116,رَحِيم,,,160.m4a,(all-)Merciful,,ہمیشہ ہمیش رحم کرنے والا,,,,,,,,,,,,,,,,,,,,
noun,1,13,7,4,42,سَلَام,,,161.m4a,peace,,سلامتی، امان,,,,,,,,,,,,,,,,,,,,
noun,1,13,7,5,47,سَمِيْع,,,162.m4a,one who listens,,سننے والا,,,,,,,,,,,,,,,,,,,,
noun,1,13,7,6,10,شَكُوْر,,,163.m4a,grateful; appreciative,,بڑا شکرگزار، بڑا قدردان,,,,,,,,,,,,,,,,,,,,
noun,1,13,7,7,101,عَزِيز,,,164.m4a,(all-)Mighty,,غالب، زبردست,,,,,,,,,,,,,,,,,,,,
noun,1,13,7,8,107,عَظِيم,,,165.m4a,Supreme/ Great,,بڑا، بزرگ,,,,,,,,,,,,,,,,,,,,
noun,1,13,7,9,91,غَفُور,,,166.m4a,Most forgiving,,خوب معاف کرنے والا,,,,,,,,,,,,,,,,,,,,
noun,1,13,7,10,45,قَدِير,,,167.m4a,All powerful,,قدرت والے,,,,,,,,,,,,,,,,,,,,
noun,1,13,7,11,58,نَذِيْر,,,168.m4a,warner,,ڈرانے والا,,,,,,,,,,,,,,,,,,,,
noun,1,13,7,12,24,نَصِير,,,169.m4a,Strong helper,,مدد کرنے والا,,,,,,,,,,,,,,,,,,,,
noun,1,13,7,13,24,وَكِيل,,,170.m4a,The one who takes care of a thing for sb,,کارساز، ذمہ دار، نگہباں، مددگار,,,,,,,,,,,,,,,,,,,,
noun,1,14,7,1,82,أَوَّل,أُوْلٰی,,171.m4a,First,,پہلا,,,,,,,,,,,,,,,,,,,,
noun,1,14,7,2,40,آخِر,آخِرَة,,172.m4a,Last,,آخری,,,,,,,,,,,,,,,,,,,,
noun,1,14,7,3,66,اٰخَر,أُخرٰی,,173.m4a,other,,دوسرا,,,,,,,,,,,,,,,,,,,,
noun,1,14,7,4,14,أَمِيْن,,,174.m4a,trustworthy,,امانت دار، امن والا,,,,,,,,,,,,,,,,,,,,
noun,1,14,7,5,53,بَصِير,,,175.m4a,All-seeing / one who sees clearly,,دیکھنے جاننے والا,,,,,,,,,,,,,,,,,,,,
noun,1,14,7,6,25,بَعِيْد,,,176.m4a,far,,دُور,,,,,,,,,,,,,,,,,,,,
noun,1,14,7,7,11,تَوَّاب,,,177.m4a,Most forgiving,,خوب توبہ قبول کرنے والا,,,,,,,,,,,,,,,,,,,,
noun,1,14,7,8,26,حَفِيظ,,,178.m4a,Protector,,حفاظت کرنے والا,,,,,,,,,,,,,,,,,,,,
noun,1,14,7,9,97,حَكِيم,,,179.m4a,(All-)Wise,,حکمت والا,,,,,,,,,,,,,,,,,,,,
noun,1,14,7,10,15,حَلِيم,,,180.m4a,Forbearing,,بُردبار، تحمل والا,,,,,,,,,,,,,,,,,,,,
noun,1,14,7,11,17,حَمِيد,,,181.m4a,Praiseworthy,,تعریف کیا ہوا,,,,,,,,,,,,,,,,,,,,
noun,1,14,7,13,45,خَبِير,,,182.m4a,(all-)Ever aware,,ہر بات سے با خبر,,,,,,,,,,,,,,,,,,,,
noun,1,15,8,1,31,أَشَدّ,,,183.m4a,Severer/ stronger,,بہت سخت,,,,,,,,,,,,,,,,,,,,
noun,1,15,8,2,11,أعلٰى,,,184.m4a,"higher, superior",,بہت بلند,,,,,,,,,,,,,,,,,,,,
noun,1,15,8,3,49,أعلَم,,,185.m4a,"better-knowing, most informed",,بہت جاننے والا,,,,,,,,,,,,,,,,,,,,
noun,1,15,8,4,19,أقرَب,,,186.m4a,"nearer, nearest",,بہت قریب,,,,,,,,,,,,,,,,,,,,
noun,1,15,8,5,24,أكبَر,,,187.m4a,"bigger, biggest",,بہت بڑا,,,,,,,,,,,,,,,,,,,,
noun,1,15,8,6,80,أكثَر,,,188.m4a,"more, most",,بہت زیادہ,,,,,,,,,,,,,,,,,,,,
noun,1,15,8,7,36,أحسَنَ,,,189.m4a,"better, best",,بہت اچھا,,,,,,,,,,,,,,,,,,,,
noun,1,15,8,8,10,أحَقّ,,,190.m4a,"more entitled, most worthy",,بڑا حق دار,,,,,,,,,,,,,,,,,,,,
noun,1,15,8,9,12,أدنٰى,,,191.m4a,"nearer, lowest",,زیادہ نزدیک، کمتر,,,,,,,,,,,,,,,,,,,,
noun,1,15,8,10,16,أَظۡلَم,,,192.m4a,More unjust,,زیادہ ظالم,,,,,,,,,,,,,,,,,,,,
noun,1,15,8,11,7,أَهدٰى,,,193.m4a,better guided,,زیادہ ہدایت یافتہ,,,,,,,,,,,,,,,,,,,,
noun,1,15,8,12,11,أولٰى,,,194.m4a,"nearer, closest, woe",,زیادہ قریب، زیادہ لائق,,,,,,,,,,,,,,,,,,,,
noun,1,15,8,13,3,أَحَبَّ,,,195.m4a,more beloved,,زیادہ محبوب,,,,,,,,,,,,,,,,,,,,
noun,1,16,8,1,52,شَدِيد,,,196.m4a,Severe/ strong,,سخت,,,,,,,,,,,,,,,,,,,,
noun,1,16,8,2,11,عَلِيّ,,,197.m4a,Exalted (high),,بلند,,,,,,,,,,,,,,,,,,,,
noun,1,16,8,3,163,عَلِيم,,,198.m4a,(all-knowing) Knower,,خوب جاننے والا,,,,,,,,,,,,,,,,,,,,
noun,1,16,8,4,26,قَرِيب,,,199.m4a,near,,قریب,,,,,,,,,,,,,,,,,,,,
noun,1,16,8,5,47,كَبِير,,,200.m4a,Big/ Great,,بڑا,,,,,,,,,,,,,,,,,,,,
noun,1,16,8,6,74,كَثِير,,,201.m4a,Plenty,,زیادہ,,,,,,,,,,,,,,,,,,,,
noun,1,16,8,7,10,سَرِيع,,,202.m4a,Quick,,جلد,,,,,,,,,,,,,,,,,,,,
noun,1,16,8,8,8,قَهَار,,,203.m4a,"prevailing, irresistable",,سب پر پوری طرح غالب,,,,,,,,,,,,,,,,,,,,
noun,1,16,8,9,4,غَفَّار,,,204.m4a,oft-forgiving,,گناہوں کا بہت زیادہ بخشنے والا,,,,,,,,,,,,,,,,,,,,
noun,1,16,8,10,71,قَلِيل,,,205.m4a,Little/ Few,,تھوڑا,,,,,,,,,,,,,,,,,,,,
noun,1,16,8,11,27,كَرِيم,,,206.m4a,"noble, honorable, generous",,عزت والا,,,,,,,,,,,,,,,,,,,,
noun,1,16,8,12,7,لَطيف,,,207.m4a,subtle,,باریک بیں، مہربان,,,,,,,,,,,,,,,,,,,,
noun,1,16,8,13,3,وَهَّاب,,,208.m4a,bestower,,خوب عطا کرنے والا,,,,,,,,,,,,,,,,,,,,
noun,1,17,9,1,332,رَسُول,رُسُل,,209.m4a,Messenger(s),,بھیجا ہوا,,,,,,,,,,,,,,,,,,,,
noun,1,17,9,2,75,نَبِيّ,أنبياء,,210.m4a,Prophet,,نبی,,,,,,,,,,,,,,,,,,,,
noun,1,17,9,2,75,أَنْبِيَاء,,,211.m4a,prophets,,نبی,,,,,,,,,,,,,,,,,,,,
noun,1,17,9,2,75,نَبِيُّون,,,212.m4a,prophets,,نبی,,,,,,,,,,,,,,,,,,,,
noun,1,17,9,2,75,نَبِيِّيْن,,,213.m4a,prophets,,نبی,,,,,,,,,,,,,,,,,,,,
noun,1,17,9,3,137,إِبۡرَاهِـيْم,,,214.m4a,Abraham,,ابراہیم,,,,,,,,,,,,,,,,,,,,
noun,1,17,9,3,137,نُوح,,,215.m4a,Noah,,نوح,,,,,,,,,,,,,,,,,,,,
noun,1,17,9,3,137,آدَم,,,216.m4a,Adam,,آدم,,,,,,,,,,,,,,,,,,,,
noun,1,17,9,4,56,إِسۡمَاعِيل,,,217.m4a,Ishmael,,اسماعیل,,,,,,,,,,,,,,,,,,,,
noun,1,17,9,4,56,لُوط,,,218.m4a,Lot,,لوط,,,,,,,,,,,,,,,,,,,,
noun,1,17,9,4,56,إِسۡحَاق,,,219.m4a,Isaac,,اسحاق,,,,,,,,,,,,,,,,,,,,
noun,1,17,9,5,86,يُوسُف,,,220.m4a,Joseph,,یوسف,,,,,,,,,,,,,,,,,,,,
noun,1,17,9,5,86,يَعۡقُوب (إِسۡرَائِيل),,,221.m4a,Jacob (Israel),,یعقوب (اسرائیل),,,,,,,,,,,,,,,,,,,,
noun,1,17,9,6,30,شُعَيۡب (مَدۡيَنَ),,,222.m4a,Shu’aib (Midian),,شعیب (مدین),,,,,,,,,,,,,,,,,,,,
noun,1,17,9,6,30,صَالِح (ثَمُود),,,223.m4a,Saleh (Thamud),,صالح (ثمود),,,,,,,,,,,,,,,,,,,,
noun,1,17,9,6,30,هُود (عَاد),,,224.m4a,Hud (‘Ad),,ہود (عاد),,,,,,,,,,,,,,,,,,,,
noun,1,17,9,7,195,مُوسٰى,,,225.m4a,Moses,,موسیٰ,,,,,,,,,,,,,,,,,,,,
noun,1,17,9,7,195,عِيسَى ابۡنُ مَرۡيَم,,,226.m4a,"Jesus, son of Mary",,عیسیٰ بن مریم,,,,,,,,,,,,,,,,,,,,
noun,1,17,9,8,53,هَارُونَ,,,227.m4a,Aaron,,ہارون,,,,,,,,,,,,,,,,,,,,
noun,1,17,9,8,53,سُلَيۡمَان,,,228.m4a,Solomon,,سلیمان,,,,,,,,,,,,,,,,,,,,
noun,1,17,9,8,53,دَاوٗد,,,229.m4a,David,,داؤد,,,,,,,,,,,,,,,,,,,,
noun,1,17,9,11,74,فِرۡعَوۡن,,,230.m4a,Pharaoh,,مصر کے بادشاہوں کا لقب,,,,,,,,,,,,,,,,,,,,
noun,1,17,9,11,74,هَامَان,,,231.m4a,Hamana,,ہامان,,,,,,,,,,,,,,,,,,,,
noun,1,17,9,11,74,قَارُون,,,232.m4a,Qarun,,قارون,,,,,,,,,,,,,,,,,,,,
noun,1,18,9,1,382,آيَة,آيات,,233.m4a,Sign/ verse,,آیت، نشانی,,,,,,,,,,,,,,,,,,,,
noun,1,18,9,1,382,آيَات,,,234.m4a,Signs/ verses,,نشانیاں,,,,,,,,,,,,,,,,,,,,
noun,1,18,9,3,33,أَنۡعَام,,,235.m4a,Cattle,,مویشی، گائے بکری وغیرہ,,,,,,,,,,,,,,,,,,,,
noun,1,18,9,4,39,جَبَل,جِبال,,236.m4a,Mountain,,پہاڑ,,,,,,,,,,,,,,,,,,,,
noun,1,18,9,4,39,جِبَال,,,237.m4a,Mountains,,پہاڑ,,,,,,,,,,,,,,,,,,,,
noun,1,18,9,5,35,بَـحۡر,بِحار,,238.m4a,Sea,,دریا، سمندر,,,,,,,,,,,,,,,,,,,,
noun,1,18,9,6,33,شَمۡس,شُموس,,239.m4a,Sun,,سورج,,,,,,,,,,,,,,,,,,,,
noun,1,18,9,7,27,قَمَر,أقمار,,240.m4a,Moon,,چاند,,,,,,,,,,,,,,,,,,,,
noun,1,18,9,8,80,لَيۡل,ليالي,,241.m4a,Night,,رات,,,,,,,,,,,,,,,,,,,,
noun,1,18,9,9,57,نَهَار,نُهُر,,242.m4a,Daytime,,دن,,,,,,,,,,,,,,,,,,,,
noun,1,18,9,10,461,أَرۡضِ,أَراضي,,243.m4a,Earth,,زمین,,,,,,,,,,,,,,,,,,,,
noun,1,18,9,11,310,سَمَاء,سَمَاوات,,244.m4a,Heavens/ Sky,,آسمان,,,,,,,,,,,,,,,,,,,,
noun,1,18,9,12,24,سَبع (سَبعة),,,245.m4a,seven,,سات,,,,,,,,,,,,,,,,,,,,
noun,1,18,9,13,29,رِيح,رياح,,246.m4a,wind,,ہوا,,,,,,,,,,,,,,,,,,,,
noun,1,19,10,1,94,صَاحِب,أَصحَاب,,247.m4a,Companion/ inmate,,ساتھی,,,,,,,,,,,,,,,,,,,,
noun,1,19,10,1,94,أَصۡحَاب,,,248.m4a,Companions/ inmates,,ساتھی,,,,,,,,,,,,,,,,,,,,
noun,1,19,10,2,147,جَنَّة / جَنَّات,جِنَان,,249.m4a,Heaven/ Paradise,,جنت، باغ,,,,,,,,,,,,,,,,,,,,
noun,1,19,10,3,26,جَهَنَّم,,,250.m4a,Hell Fire,,جہنم,,,,,,,,,,,,,,,,,,,,
noun,1,19,10,5,13,ثَواب,,,251.m4a,Reward,,ثواب,,,,,,,,,,,,,,,,,,,,
noun,1,19,10,6,322,عَذَاب,,,252.m4a,Punishment/ torment,,سخت دُکھ,,,,,,,,,,,,,,,,,,,,
noun,1,19,10,7,17,نَعيم,,,253.m4a,of bliss & delight,,ہمیشہ خوشحال، ہمیشہ تروتازہ,,,,,,,,,,,,,,,,,,,,
noun,1,19,10,8,16,سَعِير,,,254.m4a,blazing fire,,بھڑکتی آگ,,,,,,,,,,,,,,,,,,,,
noun,1,19,10,9,72,أَلِيم,,,255.m4a,Painful,,دردناک، اَلم ناک,,,,,,,,,,,,,,,,,,,,
noun,1,19,10,10,28,أَبَدًا,,,256.m4a,Forever. Ever,,ہمیشہ,,,,,,,,,,,,,,,,,,,,
noun,1,19,10,11,54,نَهَر,أنهار,,257.m4a,River,,نہر,,,,,,,,,,,,,,,,,,,,
noun,1,19,10,11,54,أَنۡهَٰر,,,258.m4a,Rivers,,نہریں,,,,,,,,,,,,,,,,,,,,
noun,1,19,10,12,145,نَار,,,259.m4a,Fire/ Hell Fire,,آگ,,,,,,,,,,,,,,,,,,,,
noun,1,19,10,13,36,وَيۡل,وَيلَات,,260.m4a,Woe unto,,ہلاکت,,,,,,,,,,,,,,,,,,,,
noun,1,19,10,1,115,الۡآخِرَة,,,261.m4a,The Hereafter,,آٓخرت,,,,,,,,,,,,,,,,,,,,
noun,1,19,10,2,70,قِيَامَة,,,262.m4a,Resurrection,,قیامت,,,,,,,,,,,,,,,,,,,,
noun,1,19,10,3,47,سَاعَة,سَاعَات,,263.m4a,an hour/ day of Resurrection,,گھڑی، وقت,,,,,,,,,,,,,,,,,,,,
noun,1,19,10,4,405,يَوۡم (أَيَّام),أَيَّام,,264.m4a,Day(s) (periods),,دن,,,,,,,,,,,,,,,,,,,,
noun,1,19,10,4,405,يَوْم,أَيَّام,,265.m4a,"Day, Days",,دن,,,,,,,,,,,,,,,,,,,,
noun,1,19,10,5,65,يَوۡمَئِذٍ,,,266.m4a,"that day, then",,اِس دن,,,,,,,,,,,,,,,,,,,,
noun,1,19,10,6,52,أَجَل,آجَال,,267.m4a,Term,,مقررہ مدت,,,,,,,,,,,,,,,,,,,,
noun,1,19,10,7,21,مُسَمَّى,مُسَمَّيات,,268.m4a,Fixed,,مقرر,,,,,,,,,,,,,,,,,,,,
noun,1,19,10,8,28,مَصِيْر,,,269.m4a,destination,,لوٹنے کا ٹھکانہ,,,,,,,,,,,,,,,,,,,,
noun,1,19,10,9,22,مَأْوٰی,,,270.m4a,"refuge, abode",,منزل / پناہ گاہ، ٹھکانہ,,,,,,,,,,,,,,,,,,,,
noun,1,19,10,10,105,أَجۡر,أُجُور,,271.m4a,Reward,,مزدوری، ثواب,,,,,,,,,,,,,,,,,,,,
noun,1,19,10,10,105,أُجُور,,,272.m4a,Rewards/ recompense,,مزدوری، ثواب,,,,,,,,,,,,,,,,,,,,
noun,1,19,10,11,42,جَزَاء,,,273.m4a,Reward,,بدلہ,,,,,,,,,,,,,,,,,,,,
noun,1,19,10,12,32,عَاقِبَة,عَوَاقِب,,274.m4a,End,,انجام,,,,,,,,,,,,,,,,,,,,
noun,1,19,10,13,20,عِقَاب,,,275.m4a,Retribution/ Punishment,,عذاب، جرم کی سزا,,,,,,,,,,,,,,,,,,,,
noun,1,20,11,1,92,دِیْن,أديَان,,276.m4a,"Religion, law, judgement",,دین، شریعت، بدلہ,,,,,,,,,,,,,,,,,,,,
noun,1,20,11,2,20,حِكۡمَة,حِكَم,,277.m4a,Wisdom,,حکمت، دانشمندی,,,,,,,,,,,,,,,,,,,,
noun,1,20,11,3,43,حَمۡد,,,278.m4a,Praise,,تعریف، شکر,,,,,,,,,,,,,,,,,,,,
noun,1,20,11,4,83,صَلٰوة (صَلَاةَ),صَلَوات,,279.m4a,Prayer,,نماز,,,,,,,,,,,,,,,,,,,,
noun,1,20,11,5,32,زَكٰوة,زَكَا / زَكَوات,,280.m4a,(Zakat)Charity,,زکوٰۃ,,,,,,,,,,,,,,,,,,,,
noun,1,20,11,6,247,حَقّ,حُقوق,,281.m4a,Truth/ right,,مطابق، ٹھیک، ثابت,,,,,,,,,,,,,,,,,,,,
noun,1,20,11,7,26,بَاطِل,أَبَاطيل,,282.m4a,Falsehood,,غلط، ناحق,,,,,,,,,,,,,,,,,,,,
noun,1,20,11,8,66,نُوْر,,,283.m4a,light,,روشنی,,,,,,,,,,,,,,,,,,,,
noun,1,20,11,8,66,ظُلُمَات,,,284.m4a,darkness (es),,اندھیرا/ اندھیرے,,,,,,,,,,,,,,,,,,,,
noun,1,20,11,9,119,مُبِين,,,285.m4a,Clear,,ظاہر، بیان کرنے والا,,,,,,,,,,,,,,,,,,,,
noun,1,20,11,10,29,عَهۡد,عُهُود,,286.m4a,Covenant,,عہد، معاہدہ,,,,,,,,,,,,,,,,,,,,
noun,1,20,11,11,25,مِيثَاقَ,مَواثيق,,287.m4a,Covenant,,عہد,,,,,,,,,,,,,,,,,,,,
noun,1,20,11,12,88,مَلَك,مَلَائِكَة,,288.m4a,Angel,,فرشتہ,,,,,,,,,,,,,,,,,,,,
noun,1,20,11,12,88,مَلَائِكَة,,,289.m4a,Angels,,فرشتے,,,,,,,,,,,,,,,,,,,,
noun,1,20,11,13,29,عَرَش,عُرُوش,,290.m4a,Throne,,شاہی تخت,,,,,,,,,,,,,,,,,,,,
noun,1,21,11,1,147,إِلٰه,آلِهَة,,291.m4a,god/ deity,,معبود,,,,,,,,,,,,,,,,,,,,
noun,1,21,11,1,147,آلِهَة,,,292.m4a,gods,,معبود,,,,,,,,,,,,,,,,,,,,
noun,1,21,11,2,61,وَاحِد,وَاحِدَة,,293.m4a,One,,ایک,,,,,,,,,,,,,,,,,,,,
noun,1,21,11,3,85,أَحَد,إِحْدٰی,,294.m4a,One,,اکیلا,,,,,,,,,,,,,,,,,,,,
noun,1,21,11,4,261,كِتَاب,كُتُب,,295.m4a,Book(s),,کتاب,,,,,,,,,,,,,,,,,,,,
noun,1,21,11,6,70,قُرْاٰن,,,296.m4a,The Quran,,قرآن,,,,,,,,,,,,,,,,,,,,
noun,1,21,11,7,18,اَلتَّوۡرَاة,,,297.m4a,The Torah,,تورات,,,,,,,,,,,,,,,,,,,,
noun,1,21,11,8,12,اَلۡإِنجِيل,,,298.m4a,The Gospel,,انجیل,,,,,,,,,,,,,,,,,,,,
noun,1,21,11,8,40,شَرِيك,شُرَكاء,,299.m4a,Associate/ partner,,شریک، ساجھی,,,,,,,,,,,,,,,,,,,,
noun,1,21,11,8,40,شُرَكَاء,,,300.m4a,Associates/ partnesr,,شریک، ساجھی,,,,,,,,,,,,,,,,,,,,
noun,1,21,11,9,17,تَقْوٰى,,,301.m4a,Piety/ fear of Allah,,ڈرنا، بچنا,,,,,,,,,,,,,,,,,,,,
noun,1,21,11,10,49,غَيۡب,,,302.m4a,Unseen,,پوشیدہ، غیرحاضر,,,,,,,,,,,,,,,,,,,,
noun,1,21,11,11,42,كَلِمَة,كَلِمَات,,303.m4a,Word(s),,بات,,,,,,,,,,,,,,,,,,,,
noun,1,21,11,12,26,شَهَادَة,شَهَادات,,304.m4a,Disclosed/ testimony,,گواہی، ظاہر، کھلی,,,,,,,,,,,,,,,,,,,,
noun,1,21,11,13,56,شَهِيد,,,305.m4a,Witness,,گواہ,,,,,,,,,,,,,,,,,,,,
noun,1,21,11,13,56,شُهَدَاء,,,306.m4a,Witnesses,,گواہ,,,,,,,,,,,,,,,,,,,,
noun,1,22,12,1,41,عَمَل,أَعمَال,,307.m4a,Deeds/ actions,,اعمال,,,,,,,,,,,,,,,,,,,,
noun,1,22,12,1,41,أَعۡمَال,,,308.m4a,Deeds,,اعمال,,,,,,,,,,,,,,,,,,,,
noun,1,22,12,2,31,حَسَنَة,حَسَنات,,309.m4a,Good/ Good deed(s),,نیکی، بھلائی,,,,,,,,,,,,,,,,,,,,
noun,1,22,12,3,58,سَيِّئَة,سَيِّئَات,,310.m4a,Bad/ misdeed/ sin,,بُرائی، گناہ,,,,,,,,,,,,,,,,,,,,
noun,1,22,12,3,58,سَيِّئَات,,,311.m4a,Evils/ Sins,,بُرائی، گناہ,,,,,,,,,,,,,,,,,,,,
noun,1,22,12,4,186,خَيۡر,أَخيَار,,312.m4a,Good,,بہتر، بھلا، نیکی,,,,,,,,,,,,,,,,,,,,
noun,1,22,12,5,27,شَرّ,شُرور,,313.m4a,Evil/ bad,,بُرائی,,,,,,,,,,,,,,,,,,,,
noun,1,22,12,6,35,إِثۡم,آثَام,,314.m4a,Sin,,گناہ,,,,,,,,,,,,,,,,,,,,
noun,1,22,12,7,37,ذَنۢب,ذُنُوب,,315.m4a,Sin,,گناہ,,,,,,,,,,,,,,,,,,,,
noun,1,22,12,7,37,ذُنُوب,,,316.m4a,Sins,,گناہ,,,,,,,,,,,,,,,,,,,,
noun,1,22,12,8,25,جُنَاح,,,317.m4a,Sin/ blame,,گناہ,,,,,,,,,,,,,,,,,,,,
noun,1,22,12,9,31,حَرَام,,,318.m4a,Forbidden (haram),,ممنوع,,,,,,,,,,,,,,,,,,,,
noun,1,22,12,10,39,اِسۡم,أَسمَاء,,319.m4a,Name,,نام,,,,,,,,,,,,,,,,,,,,
noun,1,22,12,11,28,حَدِيث,أحَاديث,,320.m4a,Discourse/ Speech,,بات,,,,,,,,,,,,,,,,,,,,
noun,1,22,12,12,25,بَأْس,,,321.m4a,Punishment;power;adversity,,سختی، آفت، لڑائی,,,,,,,,,,,,,,,,,,,,
noun,1,22,12,13,21,نَصِيْب,,,322.m4a,share/portion,,حصہ,,,,,,,,,,,,,,,,,,,,
noun,1,23,12,1,84,فَضۡل,أفضَال,,323.m4a,grace,,مہربانی,,,,,,,,,,,,,,,,,,,,
noun,1,23,12,2,50,نِعۡمَة,أَنْعُمْ,,324.m4a,favor / fovors,,انعام، فضل,,,,,,,,,,,,,,,,,,,,
noun,1,23,12,3,34,آلَاء,,,325.m4a,Favors / Blessings/ marvels,,نعمتیں,,,,,,,,,,,,,,,,,,,,
noun,1,23,12,4,30,طَيِّبة,طَيِّبات,,326.m4a,Good (thing),,پاک,,,,,,,,,,,,,,,,,,,,
noun,1,23,12,4,30,طَيِّبَاتِ,,,327.m4a,Good things,,پاک,,,,,,,,,,,,,,,,,,,,
noun,1,23,12,5,63,مَآء,,,328.m4a,water,,پانی,,,,,,,,,,,,,,,,,,,,
noun,1,23,12,6,48,مُلۡك,أَملاك,,329.m4a,Dominion/ reign,,بادشاہت، غلبہ,,,,,,,,,,,,,,,,,,,,
noun,1,23,12,7,37,سُلۡطَان,سَلاطين,,330.m4a,Authority/ warrant,,زور، حجت، سند، حکومت,,,,,,,,,,,,,,,,,,,,
noun,1,23,12,8,19,فَوْز,,,331.m4a,success,,نجات، کامیابی,,,,,,,,,,,,,,,,,,,,
noun,1,23,12,9,33,فَرِيق,فِرَق,,332.m4a,Party / group,,گروہ,,,,,,,,,,,,,,,,,,,,
noun,1,23,12,10,53,جَمِيع,,,333.m4a,All / everybody,,سب، سارے,,,,,,,,,,,,,,,,,,,,
noun,1,23,12,11,26,أَجْمَعُون,أَجۡمَعِينَ,,334.m4a,All / everybody,,سب کے سب,,,,,,,,,,,,,,,,,,,,
noun,1,23,12,12,27,سَوَاء,,,335.m4a,Same / equal / straight,,برابر,,,,,,,,,,,,,,,,,,,,
noun,1,23,12,13,39,إِذۡن,أُذون,,336.m4a,Permission,,حکم، اجازت,,,,,,,,,,,,,,,,,,,,
noun,1,24,13,1,35,أُمّ,أُمَّهَات,,337.m4a,mother,,ماں,,,,,,,,,,,,,,,,,,,,
noun,1,24,13,2,117,أَبّ/أَبَتِ,آبَاء,,338.m4a,father,,باپ,,,,,,,,,,,,,,,,,,,,
noun,1,24,13,2,117,آبَاء,,,339.m4a,ancestors,,باپ,,,,,,,,,,,,,,,,,,,,
noun,1,24,13,3,76,زَوۡج,أَزواج,,340.m4a,husband,,شوہر، بیوی,,,,,,,,,,,,,,,,,,,,
noun,1,24,13,3,76,أَزۡوَاج,,,341.m4a,Spouses,,شوہر، بیوی,,,,,,,,,,,,,,,,,,,,
noun,1,24,13,4,57,رَجُل,رِجَال,,342.m4a,man,,مرد,,,,,,,,,,,,,,,,,,,,
noun,1,24,13,4,57,رِجَال,,,343.m4a,men,,مرد,,,,,,,,,,,,,,,,,,,,
noun,1,24,13,5,72,اِمۡرَأة,نِسَاء,,344.m4a,women,,عورت,,,,,,,,,,,,,,,,,,,,
noun,1,24,13,5,72,نِسَاء,,,345.m4a,Women/ Wives,,عورتیں,,,,,,,,,,,,,,,,,,,,
noun,1,24,13,6,56,وَلَد,أَولَاد,,346.m4a,son (of) / Own children,,لڑکا یا لڑکی,,,,,,,,,,,,,,,,,,,,
noun,1,24,13,7,24,وَالِد,وَالِدَيْن,,347.m4a,parents,,باپ,,,,,,,,,,,,,,,,,,,,
noun,1,24,13,8,32,ذُرِّيَّة,ذُرّيّات,,348.m4a,"descendants, children",,اولاد,,,,,,,,,,,,,,,,,,,,
noun,1,24,13,9,41,اِبۡن,,,349.m4a,son,,بیٹا,,,,,,,,,,,,,,,,,,,,
noun,1,24,13,10,22,بَنُون، بَنِين + أبْنَاء,,,350.m4a,sons / Own children,,بیٹے,,,,,,,,,,,,,,,,,,,,
noun,1,24,13,12,29,إِخۡوَان,,,351.m4a,brothers & Sisters,,بھائی,,,,,,,,,,,,,,,,,,,,
noun,1,24,13,13,21,مَوۡلٰي,,,352.m4a,protector,,کارساز/  محافظ,,,,,,,,,,,,,,,,,,,,
noun,1,25,13,1,72,وَجۡه,وُجُوه,,353.m4a,Face,,چہرہ,,,,,,,,,,,,,,,,,,,,
noun,1,25,13,1,72,وُجُوه,,,354.m4a,Faces,,چہرے,,,,,,,,,,,,,,,,,,,,
noun,1,25,13,2,47,أَعۡيُن,,,355.m4a,Eyes,,آنکھیں,,,,,,,,,,,,,,,,,,,,
noun,1,25,13,3,48,بَصَر,أَبۡصَار,,356.m4a,Sights / vision,,نگاہیں,,,,,,,,,,,,,,,,,,,,
noun,1,25,13,6,132,قَلۡب,قُلُوب,,357.m4a,Heart,,دل,,,,,,,,,,,,,,,,,,,,
noun,1,25,13,6,132,قُلُوب,,,358.m4a,Hearts,,دل,,,,,,,,,,,,,,,,,,,,
noun,1,25,13,7,44,صَدۡر,صُدُور,,359.m4a,Chest,,سینہ,,,,,,,,,,,,,,,,,,,,
noun,1,25,13,8,17,بَطْن,بُطُون,,360.m4a,"belly, womb",,پیٹ، رِحم,,,,,,,,,,,,,,,,,,,,
noun,1,25,13,9,120,يَد,أَيۡدِي,,361.m4a,Hands,,ہاتھ,,,,,,,,,,,,,,,,,,,,
noun,1,25,13,11,293,نَفۡس,أَنفُس,,362.m4a,Soul,,جِی، جان,,,,,,,,,,,,,,,,,,,,
noun,1,25,13,11,293,أَنفُس,,,363.m4a,Lives/ -selves,,جِانیں,,,,,,,,,,,,,,,,,,,,
noun,1,25,13,12,21,رُوح,أَروَاح,,364.m4a,Spirit/ Soul,,رُوح,,,,,,,,,,,,,,,,,,,,
noun,1,25,13,13,29,قُوة,قِوَى,,365.m4a,Power (strength),,قوت,,,,,,,,,,,,,,,,,,,,
noun,1,26,14,1,64,بَيۡت,بُيُوت,,366.m4a,House/ Home,,گھر,,,,,,,,,,,,,,,,,,,,
noun,1,26,14,2,48,دَار,دِيَار,,367.m4a,Abode,,گھر,,,,,,,,,,,,,,,,,,,,
noun,1,26,14,3,115,دُنۡيَا,,,368.m4a,This world/ Present life,,دنیا,,,,,,,,,,,,,,,,,,,,
noun,1,26,14,4,176,سَبِيل,سُبُل,,369.m4a,Way(s),,راستہ,,,,,,,,,,,,,,,,,,,,
noun,1,26,14,5,45,صِرَاط,,,370.m4a,Path,,راستہ,,,,,,,,,,,,,,,,,,,,
noun,1,26,14,6,73,عَالَمِين,,,371.m4a,Worlds,,ساری مخلوقات,,,,,,,,,,,,,,,,,,,,
noun,1,26,14,7,34,فِتۡنَة,فِتَن,,372.m4a,Trial/ Persecution,,آزمائش، مصیبت، فساد,,,,,,,,,,,,,,,,,,,,
noun,1,26,14,8,57,قَرۡيَة,قُرَى,,373.m4a,Town/ Village,,بستی,,,,,,,,,,,,,,,,,,,,
noun,1,26,14,9,86,مَال,أَمۡوَال,,374.m4a,Wealth,,مال,,,,,,,,,,,,,,,,,,,,
noun,1,26,14,10,34,مَتَاع,أَمتِعَة,,375.m4a,Provision/ Enjoyment,,سامان، فائدہ، نفع,,,,,,,,,,,,,,,,,,,,
noun,1,26,14,11,28,مَسۡجِد,مَسَاجِد,,376.m4a,Mosque(s),,مسجد,,,,,,,,,,,,,,,,,,,,
noun,1,26,14,12,32,مَكَان,أَمَاكن,,377.m4a,Place/ In place of,,جگہ، مقام,,,,,,,,,,,,,,,,,,,,
noun,1,26,14,13,26,شَجَر,شَجَرَة,,378.m4a,tree,,درخت,,,,,,,,,,,,,,,,,,,,
noun,1,27,14,1,64,أُمَّة,أُمَم,,379.m4a,Community / Communities,,جماعت، مدت,,,,,,,,,,,,,,,,,,,,
noun,1,27,14,2,383,قَوۡم,أَقوَام,,380.m4a,People,,گروہ، جماعت,,,,,,,,,,,,,,,,,,,,
noun,1,27,14,3,65,إِنسَان,,,381.m4a,human,,انسان,,,,,,,,,,,,,,,,,,,,
noun,1,27,14,4,241,نَاس,,,382.m4a,People,,لوگ,,,,,,,,,,,,,,,,,,,,
noun,1,27,14,6,18,ذَكَر,ذُكُور,,383.m4a,Male,,مَرد، نَر,,,,,,,,,,,,,,,,,,,,
noun,1,27,14,7,30,أُنثَى,إِنَاث,,384.m4a,Female,,عورت، مادَہ,,,,,,,,,,,,,,,,,,,,
noun,1,27,14,8,126,عَبۡد,عِبَاد,,385.m4a,Slave,,بندہ، غلام,,,,,,,,,,,,,,,,,,,,
noun,1,27,14,8,126,عِبَاد,,,386.m4a,Slaves,,بندے,,,,,,,,,,,,,,,,,,,,
noun,1,27,14,9,50,عَدُو,أَعدَاء,,387.m4a,Enemy,,دشمن,,,,,,,,,,,,,,,,,,,,
noun,1,27,14,9,50,أَعۡدَاء,,,388.m4a,Enemies,,دشمن,,,,,,,,,,,,,,,,,,,,
noun,1,27,14,10,21,کُفَّار,,,389.m4a,disbelivers,,کفار,,,,,,,,,,,,,,,,,,,,
noun,1,27,14,11,52,مُجۡرِمِين,,,390.m4a,Guilty/ unrighteous,,گنہگار، قصوروار,,,,,,,,,,,,,,,,,,,,
noun,1,27,14,12,30,مَلَأ,,,391.m4a,Leaders (chiefs),,بڑے لوگوں کی جماعت,,,,,,,,,,,,,,,,,,,,
noun,1,27,14,13,86,وَلِيّ,أَولياء,,392.m4a,Gurdian/ supporter,,بچانے والا دوست، مددگار,,,,,,,,,,,,,,,,,,,,
noun,1,27,14,13,86,أَوۡلِيَاء,,,393.m4a,Gurdians/ supporters,,بچانے والا دوست، مددگار,,,,,,,,,,,,,,,,,,,,
noun,1,28,15,1,14,دَابَة,دَواب,,394.m4a,moving creature,,چلنے والا، رینگنے والا (جاندار),,,,,,,,,,,,,,,,,,,,
noun,1,28,15,2,14,دَرَجَةٌ,دَرَجات,,395.m4a,"ranks, degrees",,بلندی، رتبہ,,,,,,,,,,,,,,,,,,,,
noun,1,28,15,3,14,سُنَّة,سُنَن,,396.m4a,Way,,راستہ,,,,,,,,,,,,,,,,,,,,
noun,1,28,15,4,13,شَفَاعة,,,397.m4a,intercession,,سفارش,,,,,,,,,,,,,,,,,,,,
noun,1,28,15,5,14,عَدل,,,398.m4a,compensation,,برابری، انصاف,,,,,,,,,,,,,,,,,,,,
noun,1,28,15,6,14,لَعنة,,,399.m4a,curse,,لعنت,,,,,,,,,,,,,,,,,,,,
noun,1,28,15,7,14,ليتَ,,,400.m4a,"if only, whould that",,کاش!,,,,,,,,,,,,,,,,,,,,
noun,1,28,15,8,14,مَدِينَةٌ,مَدَائِنُ,,401.m4a,City,,ہمیشہ کے لیے اقامت اختیار کیا ہوا شہر,,,,,,,,,,,,,,,,,,,,
noun,1,28,15,8,14,ٱلۡمَدِينَة,,,402.m4a,Medina/ The city,,مدینہ منورہ,,,,,,,,,,,,,,,,,,,,
noun,1,28,15,9,13,مَرَض,أمراض,,403.m4a,disease,,بیماری,,,,,,,,,,,,,,,,,,,,
noun,1,28,15,10,14,مَقَام,مقامات,,404.m4a,standing place,,کھڑے ہونے کی جگہ,,,,,,,,,,,,,,,,,,,,
noun,1,28,15,11,13,مَلِك,ملوك,,405.m4a,king,,بادشاہ,,,,,,,,,,,,,,,,,,,,
noun,1,28,15,12,15,مِلَّة,مِلَل,,406.m4a,religion,,مذہب,,,,,,,,,,,,,,,,,,,,
noun,1,28,15,13,17,نَبَأ,أنبَاء,,407.m4a,news,,خبر / خبریں,,,,,,,,,,,,,,,,,,,,
noun,1,28,15,1,13,أَعمَى,عُميان,,408.m4a,blind,,نابینا,,,,,,,,,,,,,,,,,,,,
noun,1,28,15,2,16,لَبٌّ,أَلبابٌ,,409.m4a,intellect,,عقل,,,,,,,,,,,,,,,,,,,,
noun,1,28,15,3,15,بَرّ,,,410.m4a,"land, dutiful",,خشکی,,,,,,,,,,,,,,,,,,,,
noun,1,28,15,4,15,بَلاغ,,,411.m4a,"to convey, notification",,پہنچانا، پیغام,,,,,,,,,,,,,,,,,,,,
noun,1,28,15,5,17,بَنات,,,412.m4a,daughters,,بیٹیاں,,,,,,,,,,,,,,,,,,,,
noun,1,28,15,6,15,بُشرى,,,413.m4a,good news,,خوشخبری,,,,,,,,,,,,,,,,,,,,
noun,1,28,15,7,27,بَاب,أبواب,,414.m4a,"gate, door",,دروازہ / دروازے,,,,,,,,,,,,,,,,,,,,
noun,1,28,15,8,17,تَأويل,تأويلات,,415.m4a,interpreation,,کسی چیز یا بات کا آخری انجام,,,,,,,,,,,,,,,,,,,,
noun,1,28,15,9,16,تُراب,,,416.m4a,dust,,مٹی,,,,,,,,,,,,,,,,,,,,
noun,1,28,15,10,13,ثَلاثة,,,417.m4a,three,,تین,,,,,,,,,,,,,,,,,,,,
noun,1,28,15,11,16,ثَمَرات,,,418.m4a,fruits,,پھل,,,,,,,,,,,,,,,,,,,,
noun,1,28,15,12,14,حَدٌّ,حُدُودٌ,,419.m4a,limits,,کنارہ، انتہا، حد,,,,,,,,,,,,,,,,,,,,
noun,1,28,15,13,17,حُسنى,,,420.m4a,the best,,سب سے اچھا، بہترین,,,,,,,,,,,,,,,,,,,,
noun,1,29,16,1,105,فَعَلَ,یَفْعَلُ,,421.m4a,to do,,کرنا,,,,,,,,,,,,,,,,,,,,
verb,1,29,16,2,29,فَتَحَ,يَفتَحُ,,422.m4a,To open/ judge/ to give victory,,کھولنا، فتح کرنا,,,,,,,,,,,,,,,,,,,,
verb,1,29,16,3,65,بَعَثَ,يَبعَثُ,,423.m4a,To send/ to resurrect,,بھیجنا، اٹھا کھڑا کرنا,,,,,,,,,,,,,,,,,,,,
verb,1,29,16,4,346,جَعَلَ,يَجعَلُ,,424.m4a,to Make,,بنانا,,,,,,,,,,,,,,,,,,,,
verb,1,29,16,5,40,جَمَعَ,يَجمَعُ,,425.m4a,to Gather,,جمع کرنا,,,,,,,,,,,,,,,,,,,,
verb,1,29,16,6,37,ذَهَبَ,يَذهَبُ,,426.m4a,to go,,جانا,,,,,,,,,,,,,,,,,,,,
verb,1,29,16,7,28,رَفَعَ,يَرفَعُ,,427.m4a,to Raise,,بلند کرنا، اٹھانا,,,,,,,,,,,,,,,,,,,,
verb,1,29,16,8,57,سَحَرَ,يَسحَرُ,,428.m4a,to Enchant/ Bewitch,,جادو کرنا,,,,,,,,,,,,,,,,,,,,
verb,1,29,16,10,27,لَعَنَ,يَلعَنُ,,429.m4a,to Curse,,لعنت کرنا,,,,,,,,,,,,,,,,,,,,
verb,1,29,16,11,13,مَنَعَ,يَمنَعُ,,430.m4a,to prevent,,روکنا,,,,,,,,,,,,,,,,,,,,
verb,1,29,16,12,42,نَفَعَ,يَنفَعُ,,431.m4a,to Benefit,,فائدہ دینا,,,,,,,,,,,,,,,,,,,,
verb,1,30,17,1,92,نَصَرَ,يَنصُرُ,,432.m4a,To help/ to deliver,,مدد کرنا,,,,,,,,,,,,,,,,,,,,
verb,1,30,17,2,49,بَلَغَ,يَبْلُغُ,,433.m4a,To reach,,پہنچنا,,,,,,,,,,,,,,,,,,,,
verb,1,30,17,3,22,بَسَطَ,يَبْسُطُ,,434.m4a,to extend,,پھیلانا,,,,,,,,,,,,,,,,,,,,
verb,1,30,17,4,43,تَرَكَ,يَترُكُ,,435.m4a,To leave/ let,,چھوڑنا,,,,,,,,,,,,,,,,,,,,
verb,1,30,17,5,43,حَشَرَ,يَحشُرُ,,436.m4a,To gather,,اکٹھا کرنا، گھیرنا,,,,,,,,,,,,,,,,,,,,
verb,1,30,17,6,80,حَكَمَ,يَحْكُمُ,,437.m4a,To judge/ to rule,,فیصلہ کرنا,,,,,,,,,,,,,,,,,,,,
verb,1,30,17,7,61,خَرَجَ,يَخرُجُ,,438.m4a,To come out,,نکلنا,,,,,,,,,,,,,,,,,,,,
verb,1,30,17,8,83,خَلَدَ,يَخلُدُ,,439.m4a,To live forever,,ہمیشہ رہنا,,,,,,,,,,,,,,,,,,,,
verb,1,30,17,9,248,خَلَقَ,يَخلُقُ,,440.m4a,To create,,پیدا کرنا,,,,,,,,,,,,,,,,,,,,
verb,1,30,17,10,78,دَخَلَ,يَدخُلُ,,441.m4a,To enter,,داخل ہونا,,,,,,,,,,,,,,,,,,,,
verb,1,30,17,11,164,ذَكَرَ,يَذكُرُ,,442.m4a,To remember,,یاد کرنا,,,,,,,,,,,,,,,,,,,,
verb,1,30,17,12,122,رَزَقَ,يَرْزُقُ,,443.m4a,To provide,,رزق دینا,,,,,,,,,,,,,,,,,,,,
verb,1,30,17,13,64,سَجَدَ,يَسجُدُ,,444.m4a,To prostrate,,سجدہ کرنا,,,,,,,,,,,,,,,,,,,,
verb,1,31,18,1,30,شَعَرَ,يَشعُرُ,,445.m4a,To perceive,,سمجھنا,,,,,,,,,,,,,,,,,,,,
verb,1,31,18,2,63,شَكَرَ,يَشكُرُ,,446.m4a,To be grateful,,شکر کرنا,,,,,,,,,,,,,,,,,,,,
verb,1,31,18,3,89,صَدَقَ,يَصدُقُ,,447.m4a,To say the truth,,سچ کہنا,,,,,,,,,,,,,,,,,,,,
verb,1,31,18,4,143,عَبَدَ,يَعبُدُ,,448.m4a,to Worship,,عبادت کرنا,,,,,,,,,,,,,,,,,,,,
verb,1,31,18,5,54,فَسَقَ,يَفسُقُ,,449.m4a,To transgress,,نافرمانی کرنا,,,,,,,,,,,,,,,,,,,,
verb,1,31,18,6,93,قَتَلَ,يَقتُلُ,,450.m4a,To kill,,قتل کرنا,,,,,,,,,,,,,,,,,,,,
verb,1,31,18,7,23,قَعَدَ,يَقعُدُ,,451.m4a,To sit/ to remain behind,,بیٹھنا,,,,,,,,,,,,,,,,,,,,
verb,1,31,18,8,56,كَتَبَ,يَكتُبُ,,452.m4a,to Decree/ assign/write/prescribe,,لکھنا,,,,,,,,,,,,,,,,,,,,
verb,1,31,18,9,21,كَتَمَ,يَكْتُمُ,,453.m4a,to conceal,,(کوئی بات یا کوئی چیز) چھپانا,,,,,,,,,,,,,,,,,,,,
verb,1,31,18,10,461,كَفَرَ,يَكفُرُ,,454.m4a,To disbelieve,,انکار کرنا، ناشکری کرنا,,,,,,,,,,,,,,,,,,,,
verb,1,31,18,11,43,مَكَرَ,يَمكُرُ,,455.m4a,To plot,,چال چلنا,,,,,,,,,,,,,,,,,,,,
verb,1,31,18,12,95,نَظَرَ,يَنظُرُ,,456.m4a,"To look, to wait",,دیکھنا,,,,,,,,,,,,,,,,,,,,
verb,1,31,18,13,20,نَفَخَ,يَنفُخُ,,457.m4a,to breath,,سانس لینا / پھونک مارنا,,,,,,,,,,,,,,,,,,,,
verb,1,32,19,1,58,ضَرَبَ,يَضْرِبُ,,458.m4a,to Present/ strike,,مارنا، مثال دینا,,,,,,,,,,,,,,,,,,,,
verb,1,32,19,2,50,حَمَلَ,يَحمِلُ,,459.m4a,to Carry,,اُٹھانا,,,,,,,,,,,,,,,,,,,,
verb,1,32,19,3,31,سَبَقَ,يَسبِقُ,,460.m4a,to precede,,تیز چلنا / آگے چلنا,,,,,,,,,,,,,,,,,,,,
verb,1,32,19,4,86,رَجَعَ,يَرجِعُ,,461.m4a,to return,,لوٹنا,,,,,,,,,,,,,,,,,,,,
verb,1,32,19,5,95,صَبَرَ,يَصبِرُ,,462.m4a,to Endure/ to Be patient,,صبر کرنا,,,,,,,,,,,,,,,,,,,,
verb,1,32,19,6,266,ظَلَمَ,يَظلِمُ,,463.m4a,to Wrong,,ظلم کرنا,,,,,,,,,,,,,,,,,,,,
verb,1,32,19,7,59,عَرَفَ,يَعرِفُ,,464.m4a,to recognize,,پہچاننا,,,,,,,,,,,,,,,,,,,,
verb,1,32,19,8,49,عَقَلَ,يَعقل,,465.m4a,to Understand/ Use reason,,سمجھنا,,,,,,,,,,,,,,,,,,,,
verb,1,32,19,9,95,غَفَرَ,يَغفِرُ,,466.m4a,to forgive,,بخشش کرنا,,,,,,,,,,,,,,,,,,,,
verb,1,32,19,10,47,قَدَرَ,يَقدِرُ,,467.m4a,to Have power to/over to destine,,قادر ہونا، کرسکنا,,,,,,,,,,,,,,,,,,,,
verb,1,32,19,11,76,كَذَبَ,يَكذِبُ,,468.m4a,to lie,,جھوٹ بولنا,,,,,,,,,,,,,,,,,,,,
verb,1,32,19,12,62,كَسَبَ,يَكسِبُ,,469.m4a,to Earn,,کمانا,,,,,,,,,,,,,,,,,,,,
verb,1,32,19,13,48,مَلَكَ,يَمْلِكُ,,470.m4a,to possess,,مالک ہونا,,,,,,,,,,,,,,,,,,,,
verb,1,33,20,1,100,سَمِعَ,يَسمَعُ,,471.m4a,to Hear,,سننا,,,,,,,,,,,,,,,,,,,,
verb,1,33,20,2,39,حَزِنَ,يَحزَنُ,,472.m4a,to Grieve,,غمگین ہونا,,,,,,,,,,,,,,,,,,,,
verb,1,33,20,3,44,حَسِبَ,يَحسَبُ,,473.m4a,to Think,,گمان کرنا,,,,,,,,,,,,,,,,,,,,
verb,1,33,20,4,27,حَفِظَ,يَحفَظُ,,474.m4a,to Protect/ Guard,,حفاظت کرنا، نگرانی کرنا,,,,,,,,,,,,,,,,,,,,
verb,1,33,20,5,51,خَسِرَ,يَخسَرُ,,475.m4a,to Lose/ to Sustain a loss,,نقصان اُٹھانا,,,,,,,,,,,,,,,,,,,,
verb,1,33,20,6,148,رَحِمَ,يَرحَمُ,,476.m4a,to Have mercy on,,رحم کرنا,,,,,,,,,,,,,,,,,,,,
verb,1,33,20,7,68,شَهِدَ,يَشهَدُ,,477.m4a,to bear witness / to be present,,گواہی دینا,,,,,,,,,,,,,,,,,,,,
verb,1,33,20,8,518,عَلِمَ,يَعلَمُ,,478.m4a,to Know,,جاننا,,,,,,,,,,,,,,,,,,,,
verb,1,33,20,9,318,عَمِلَ,يَعمَلُ,,479.m4a,to Work/ to Do a deed,,عمل کرنا,,,,,,,,,,,,,,,,,,,,
verb,1,33,20,10,19,فَقِهَ,يَفقَهُ,,480.m4a,to Understand,,سمجھ بوجھ حاصل کرنا,,,,,,,,,,,,,,,,,,,,
verb,1,33,20,11,15,فَرِحَ,يَفرَحُ,,481.m4a,to rejoice,,بہت خوش ہونا,,,,,,,,,,,,,,,,,,,,
verb,1,33,20,12,30,كَرِهَ,يَكرَهُ,,482.m4a,to Hate,,کراہت کرنا,,,,,,,,,,,,,,,,,,,,
verb,1,33,20,13,31,لَبِثَ,يَلبَثُ,,483.m4a,to stay,,کسی جگہ ٹھہرنا,,,,,,,,,,,,,,,,,,,,
verb,1,34,21,1,19,وَهَبَ,يَهِبُ,,484.m4a,to grant,,بخشنا، دینا,,,,,,,,,,,,,,,,,,,,
verb,1,34,21,2,45,وَذَرَ,يَذَرُ,,485.m4a,to leave behind,,چھوڑ دینا,,,,,,,,,,,,,,,,,,,,
verb,1,34,21,3,20,وَقَعَ,يَقَعُ,,486.m4a,to befall/ to happen,,واقع ہونا، لازم ہونا,,,,,,,,,,,,,,,,,,,,
verb,1,34,21,4,22,وَضَعَ,يَضَعُ,,487.m4a,to place/ deliver a baby,,رکھنا، بنانا، اُتارنا,,,,,,,,,,,,,,,,,,,,
verb,1,34,21,5,120,وَعَدَ,يَعِدُ,,488.m4a,to promise,,وعدہ کرنا,,,,,,,,,,,,,,,,,,,,
verb,1,34,21,6,107,وَجَدَ,يَجِدُ,,489.m4a,to find,,پانا,,,,,,,,,,,,,,,,,,,,
verb,1,34,21,7,19,وَزَرَ,يَزِرُ,,490.m4a,to bear a load,,بوجھ اُٹھانا,,,,,,,,,,,,,,,,,,,,
verb,1,34,21,8,14,وَصَفَ,يَصِفُ,,491.m4a,to describe,,بیان کرنا,,,,,,,,,,,,,,,,,,,,
verb,1,34,21,9,10,وَصَلَ,يَصِلُ,,492.m4a,to join,,ملنا / ملانا,,,,,,,,,,,,,,,,,,,,
verb,1,34,21,10,15,وَعَظَ,يَعِظُ,,493.m4a,to instruct,,نصیحت کرنا,,,,,,,,,,,,,,,,,,,,
verb,1,34,21,11,19,وَقٰى,يَقِي,,494.m4a,to protect,,بچانا,,,,,,,,,,,,,,,,,,,,
verb,1,34,21,12,25,وَسِعَ,يَسَعُ,,495.m4a,to encompass,,سما لینا، وسیع ہونا,,,,,,,,,,,,,,,,,,,,
verb,1,34,21,13,20,وَرِثَ,يَرِثُ,,496.m4a,to inherit,,وارث ہونا,,,,,,,,,,,,,,,,,,,,
verb,1,35,22,1,1715,قَالَ,يَقُولُ,,497.m4a,to say,,کہنا,,,,,,,,,,,,,,,,,,,,
verb,1,35,22,2,1358,كَانَ,يَكُوْنُ,,498.m4a,to Be,,ہونا، تھا، ہے,,,,,,,,,,,,,,,,,,,,
verb,1,35,22,3,72,تَابَ,يَتُوبُ,,499.m4a,to Repent,,توبہ کرنا، توبہ قبول ہونا,,,,,,,,,,,,,,,,,,,,
verb,1,35,22,4,41,ذَاقَ,يَذوقُ,,500.m4a,to taste,,چکھنا,,,,,,,,,,,,,,,,,,,,
verb,1,35,22,5,89,مَاتَ,يَموتُ,,501.m4a,to Die,,مرنا، بےجان ہونا,,,,,,,,,,,,,,,,,,,,
verb,1,35,22,6,55,قَامَ,يَقومُ,,502.m4a,to stand up,,کھڑا ہونا,,,,,,,,,,,,,,,,,,,,
verb,1,35,22,7,39,سَاءَ,يَسُوْءُ,,503.m4a,to be evil,,بُرا ہونا,,,,,,,,,,,,,,,,,,,,
verb,1,35,22,8,51,زَادَ,يَزِيدُ,,504.m4a,to Increase,,زیادہ کرنا,,,,,,,,,,,,,,,,,,,,
verb,1,35,22,9,35,كَادَ,يَكِيدُ,,505.m4a,To plot against,,خفیہ تدبیر کرنا,,,,,,,,,,,,,,,,,,,,
verb,1,35,22,10,278,جَاءَ,يَجيءُ,,506.m4a,To come,,آنا,,,,,,,,,,,,,,,,,,,,
verb,1,35,22,11,236,شَاءَ,يَشاءُ,,507.m4a,to will / to wish,,چاہنا، ارادہ کرنا,,,,,,,,,,,,,,,,,,,,
verb,1,35,22,12,112,خَافَ,يَخَافُ,,508.m4a,to Fear,,ڈرنا,,,,,,,,,,,,,,,,,,,,
verb,1,35,22,13,24,كَادَ,يَكَادُ,,509.m4a,"to become nigh, close to",,قریب تھا ہے کہ,,,,,,,,,,,,,,,,,,,,
verb,1,36,23,1,20,سَعَى,يَسعَى,,510.m4a,to suffice,,تیز تیز چلنا / کسی کام کے لیے بھاگ دوڑ کرنا,,,,,,,,,,,,,,,,,,,,
verb,1,36,23,2,13,أَبَى,يأبَى,,511.m4a,to refuse,,سخت انکار کرنا,,,,,,,,,,,,,,,,,,,,
verb,1,36,23,3,273,رَأی,يَرَی,,512.m4a,to see,,دیکھنا,,,,,,,,,,,,,,,,,,,,
verb,1,36,23,4,199,دَعَا,يَدعُو,,513.m4a,to call / to pray,,پکارنا، بلانا,,,,,,,,,,,,,,,,,,,,
verb,1,36,23,5,62,تَلا,يَتلو,,514.m4a,to recite/follow,,تلاوت کرنا,,,,,,,,,,,,,,,,,,,,
verb,1,36,23,6,60,جَرَى,يَجري,,515.m4a,to flow,,جاری ہونا، چلنا,,,,,,,,,,,,,,,,,,,,
verb,1,36,23,7,161,هَدَى,يَهدي,,516.m4a,to guide,,راستہ بتانا,,,,,,,,,,,,,,,,,,,,
verb,1,36,23,8,62,قَضَى,يَقضِي,,517.m4a,to decree,,فیصلہ کرنا، پورا کرنا,,,,,,,,,,,,,,,,,,,,
verb,1,36,23,9,116,جَزَى,يَجزي,,518.m4a,to reward,,بدلہ دینا,,,,,,,,,,,,,,,,,,,,
verb,1,36,23,10,264,أَتَى,يَأتِي,,519.m4a,To come,,آنا,,,,,,,,,,,,,,,,,,,,
verb,1,36,23,11,57,رَضِى,يَرضَى,,520.m4a,to be satisfied,,راضی ہونا، خوش ہونا,,,,,,,,,,,,,,,,,,,,
verb,1,36,23,12,48,خَشِيَ,يَخشى,,521.m4a,to fear,,ڈرنا، خوف کھانا,,,,,,,,,,,,,,,,,,,,
verb,1,36,23,13,36,نَسِيَ,يَنسَى,,522.m4a,to forget,,بھول جانا,,,,,,,,,,,,,,,,,,,,
verb,1,37,24,1,69,ظَنَّ,يَظنُّ,,523.m4a,"To believe, assume",,خیال کرنا، گمان کرنا,,,,,,,,,,,,,,,,,,,,
verb,1,37,24,2,44,رَدَّ,يَرُدُّ,,524.m4a,To return,,لوٹانا,,,,,,,,,,,,,,,,,,,,
verb,1,37,24,3,39,صَدَّ,يَصُدُّ,,525.m4a,To Turn away / hinder,,رک جانا / روک دینا,,,,,,,,,,,,,,,,,,,,
verb,1,37,24,4,31,ضَرَّ,يَضرُّ,,526.m4a,To Harm,,نقصان پہنچانا,,,,,,,,,,,,,,,,,,,,
verb,1,37,24,5,24,غَرَّ,يَغرُّ,,527.m4a,To be deluded,,فریب میں مبتلا ہونا,,,,,,,,,,,,,,,,,,,,
verb,1,37,24,6,17,مَدَّ,يَمدُّ,,528.m4a,to Prolong,,دراز کرنا,,,,,,,,,,,,,,,,,,,,
verb,1,37,24,7,114,ضَلَّ,يَضِلُّ,,529.m4a,to Go astray,,گمراہ ہونا,,,,,,,,,,,,,,,,,,,,
verb,1,37,24,8,20,حَقَّ,يَحِقُّ,,530.m4a,to prove somebody to be true,,کسی کو سچا ثابت کرنا,,,,,,,,,,,,,,,,,,,,
verb,1,37,24,9,10,فَرَّ,يَفِرُّ,,531.m4a,to flee / to run away,,بھاگنا / دوڑنا,,,,,,,,,,,,,,,,,,,,
verb,1,37,24,10,58,مَسَّ,يَمسُّ,,532.m4a,to touch,,چھونا,,,,,,,,,,,,,,,,,,,,
verb,1,37,24,11,9,ظَلَّ,يَظَلُّ,,533.m4a,to turn into,,ہوجانا,,,,,,,,,,,,,,,,,,,,
verb,1,37,24,12,18,وَدَّ,يَودُّ,,534.m4a,to wish,,چاہنا,,,,,,,,,,,,,,,,,,,,
verb,1,37,24,13,83,حَيَّ,يَحْيَا,,535.m4a,To live,,زندہ ہونا، زندہ رہنا,,,,,,,,,,,,,,,,,,,,
verb,1,38,25,1,119,سَأَلَ,يَسألُ,,536.m4a,To ask,,پوچھنا,,,,,,,,,,,,,,,,,,,,
verb,1,38,25,2,3,جَأرَ,يَجأرُ,,537.m4a,to cry for help,,مدد کے لیے گڑگڑانا,,,,,,,,,,,,,,,,,,,,
verb,1,38,25,3,12,بَدَأ,يَبدأُ,,538.m4a,to begin,,شروع کرنا,,,,,,,,,,,,,,,,,,,,
verb,1,38,25,4,16,قَرَأَ,يَقرأُ,,539.m4a,To read,,پڑھنا,,,,,,,,,,,,,,,,,,,,
verb,1,38,25,5,4,دَرَأ,يَدرأُ,,540.m4a,to avert,,دور کرنا,,,,,,,,,,,,,,,,,,,,
verb,1,38,25,6,6,ذَرَأ,يَذرأُ,,541.m4a,to create,,پیدا کرنا,,,,,,,,,,,,,,,,,,,,
verb,1,38,25,7,244,أَمَرَ,يَأمُرُ,,542.m4a,To command/ order,,حکم دینا,,,,,,,,,,,,,,,,,,,,
verb,1,38,25,8,142,أَخَذَ,يَأخُذُ,,543.m4a,To take,,لینا,,,,,,,,,,,,,,,,,,,,
verb,1,38,25,9,101,أَكَلَ,يَأكُلُ,,544.m4a,To eat/ consume,,کھانا,,,,,,,,,,,,,,,,,,,,
verb,1,38,25,10,43,أَمِنَ,يَأمَنُ,,545.m4a,To feel safe,,امن میں ہونا,,,,,,,,,,,,,,,,,,,,
verb,1,38,25,10,16,أفِكَ,يَأفِكُ,,546.m4a,to delude,,جھوٹ بولنا,,,,,,,,,,,,,,,,,,,,
verb,1,38,25,12,62,أذِنَ,يَأذَنُ,,547.m4a,to give permission,,اجازت دینا,,,,,,,,,,,,,,,,,,,,
verb,1,38,25,13,3,سَئِمَ,يَسأمُ,,548.m4a,To be weary,,اُکتا جانا,,,,,,,,,,,,,,,,,,,,
verb,1,39,26,1,33,بَدَّلَ,يُبَدّلُ,,549.m4a,To change,,بدل دینا,,,,,,,,,,,,,,,,,,,,
verb,1,39,26,2,48,بَشَّرَ,يُبَشّرُ,,550.m4a,To give good news,,بشارت یا خوشخبری دینا,,,,,,,,,,,,,,,,,,,,
verb,1,39,26,3,41,بَيَّنَ,يُبيّنُ,,551.m4a,To make clear,,بیان کرنا، واضح کرنا,,,,,,,,,,,,,,,,,,,,
verb,1,39,26,4,44,حَرّم,يُحرّمُ,,552.m4a,to make it forbidden,,حرام قرار دینا,,,,,,,,,,,,,,,,,,,,
verb,1,39,26,5,26,ذَكّرَ,يُذَكّرُ,,553.m4a,to remind,,یاد دہانی کرانا,,,,,,,,,,,,,,,,,,,,
verb,1,39,26,6,26,زَيَّنَ,يُزَيّنُ,,554.m4a,To decorate (figuratively)/ To make sth seem good,,بتدریج سجانا، خوب سجانا,,,,,,,,,,,,,,,,,,,,
verb,1,39,26,7,46,سَبَّحَ,يُسَبّحُ,,555.m4a,To glorify,,پاکی بیان کرنا,,,,,,,,,,,,,,,,,,,,
verb,1,39,26,8,26,سَخَّرَ,يُسَخّرُ,,556.m4a,To make under control,,بَس میں کرنا، تابع کرنا,,,,,,,,,,,,,,,,,,,,
verb,1,39,26,9,31,صَدَّقَ,يُصدّقُ,,557.m4a,To believe sth to be true,,تصدیق کرنا، سچا ماننا,,,,,,,,,,,,,,,,,,,,
verb,1,39,26,10,17,طَهَّرَ,يُطَهّرُ,,558.m4a,to purify,,اچھی طرح پاک کرنا,,,,,,,,,,,,,,,,,,,,
verb,1,39,26,11,49,عَذَّبَ,يُعذّبُ,,559.m4a,"To torment, to punish",,عذاب دینا,,,,,,,,,,,,,,,,,,,,
verb,1,39,26,12,42,عَلَّمَ,يُعلِّمُ,,560.m4a,To teach,,سکھانا,,,,,,,,,,,,,,,,,,,,
verb,1,40,27,1,24,فَصَّلَ,يُفصّلُ,,561.m4a,to explain,,کھول کھول کر بیان کرنا,,,,,,,,,,,,,,,,,,,,
verb,1,40,27,2,21,قَدّرَ,يُقدّرُ,,562.m4a,to ordain,,مقدار مقرر کرنا,,,,,,,,,,,,,,,,,,,,
verb,1,40,27,3,27,قَدَّمَ,يُقدّمُ,,563.m4a,To send forward,,آگے بھیجنا، سامنے لانا,,,,,,,,,,,,,,,,,,,,
verb,1,40,27,4,198,كَذَّبَ,يُكذّبُ,,564.m4a,To accuse of falsehood,,جھٹلانا,,,,,,,,,,,,,,,,,,,,
verb,1,40,27,5,14,كَفَّرَ,يُكفِّرُ,,565.m4a,to falsify,,گناہ کو معاف کرنا,,,,,,,,,,,,,,,,,,,,
verb,1,40,27,6,21,كلَّمَ,يُكلّمُ,,566.m4a,to speak,,بات چیت کرنا,,,,,,,,,,,,,,,,,,,,
verb,1,40,27,7,19,مَتَّعَ,يُمتِّعُ,,567.m4a,to provide for enjoyment,,لطف اُٹھانے کا موقع دینا,,,,,,,,,,,,,,,,,,,,
verb,1,40,27,8,46,نَبَّأَ,يُنبِّئُ,,568.m4a,"To declare, to tell",,خبردینا، بتانا,,,,,,,,,,,,,,,,,,,,
verb,1,40,27,9,79,نَزَّلَ,يُنزّلُ,,569.m4a,To send down,,اُتارنا,,,,,,,,,,,,,,,,,,,,
verb,1,40,27,10,39,نَجّٰى,يُنجّي,,570.m4a,To rescue,different vowel marks,نجات دینا,,,,,,,,,,,,,,,,,,,,
verb,1,40,27,11,19,وَفّٰى,يُوَفّي,,571.m4a,to pay in full,,کسی کا حق پورا پورا دے دینا,,,,,,,,,,,,,,,,,,,,
verb,1,40,27,12,31,وَلّٰى,يُوَلِّي,,572.m4a,"to turn away, to turn",,رُخ بدلنا، منہ موڑنا,,,,,,,,,,,,,,,,,,,,
verb,1,41,28,1,20,بَاركَ,يُبارِك,,573.m4a,to bless,,برکت دینا,,,,,,,,,,,,,,,,,,,,
verb,1,41,28,2,25,جَادَلَ,يُجادِل,,574.m4a,to argue,,جھگڑنا,,,,,,,,,,,,,,,,,,,,
verb,1,41,28,3,31,جَاهَدَ,يُجاهِد,,575.m4a,To struggle/ strive,,جہاد کرنا,,,,,,,,,,,,,,,,,,,,
verb,1,41,28,4,42,حَاسَبَ,يُحاسِب,,576.m4a,call to account,,محاسبہ کرنا,,,,,,,,,,,,,,,,,,,,
verb,1,41,28,5,11,ضَاعَفَ,يُضاعِف,,577.m4a,to multiply,,دگنا کرنا,,,,,,,,,,,,,,,,,,,,
verb,1,41,28,6,67,قَاتَلَ,يُقاتِل,,578.m4a,To fight,,لڑنا، قتال کرنا,,,,,,,,,,,,,,,,,,,,
verb,1,41,28,7,37,نَافَقَ,يُنافِق,,579.m4a,To play hypocrisy,,منافقت کرنا,,,,,,,,,,,,,,,,,,,,
verb,1,41,28,8,24,هَاجَرَ,يُهاجِر,,580.m4a,To migrate,,ہجرت کرنا، چھوڑنا,,,,,,,,,,,,,,,,,,,,
verb,1,41,28,9,48,نَادَى,يُنادِي,,581.m4a,To call out/ cry unto,,پُکارنا,,,,,,,,,,,,,,,,,,,,
verb,1,41,28,10,31,لَاقى,يُلاقِي,,582.m4a,to meet,,ملاقات کرنا,,,,,,,,,,,,,,,,,,,,
verb,1,41,28,11,14,شَاقَّ,يُشاقُّ,,583.m4a,to appose,,مخالفت کرنا,,,,,,,,,,,,,,,,,,,,
verb,1,42,29,1,36,أَبۡصَرَ,يُبصِر,,584.m4a,To see/ watch,,دیکھنا,,,,,,,,,,,,,,,,,,,,
verb,1,42,29,2,72,أَحۡسَنَ,يُحسِن,,585.m4a,To do good,,اچھی طرح کرنا,,,,,,,,,,,,,,,,,,,,
verb,1,42,29,3,113,أَخۡرَجَ,يَخرُج,,586.m4a,To bring out/ forth,,باہر نکالنا,,,,,,,,,,,,,,,,,,,,
verb,1,42,29,4,22,أخلَصَ,يُخلِص,,587.m4a,to be sincere,,مخلص ہونا,,,,,,,,,,,,,,,,,,,,
verb,1,42,29,5,45,أَدۡخَلَ,يَدخُل,,588.m4a,To admit (someone) into __,,داخل کرنا,,,,,,,,,,,,,,,,,,,,
verb,1,42,29,6,171,أَرۡسَلَ,يُرسِل,,589.m4a,To send,,بھیجنا,,,,,,,,,,,,,,,,,,,,
verb,1,42,29,7,23,أَسۡرَفَ,يُسرِف,,590.m4a,To be extravagant,,حد سے بڑھنا، زیادتی کرنا,,,,,,,,,,,,,,,,,,,,
verb,1,42,29,8,72,أَسۡلَمَ,يُسلِم,,591.m4a,To submit/ surrender,,حکم ماننا,,,,,,,,,,,,,,,,,,,,
verb,1,42,29,9,15,أسمَعَ,يُسمِع,,592.m4a,to make sb listen,,سنانا,,,,,,,,,,,,,,,,,,,,
verb,1,42,29,10,120,أَشۡرَكَ,يُشرِك,,593.m4a,To associate a partner,,شریک کرنا,,,,,,,,,,,,,,,,,,,,
verb,1,42,29,11,34,أَصۡبَحَ,يُصبِح,,594.m4a,to become,,ہوجانا، صبح کرنا,,,,,,,,,,,,,,,,,,,,
verb,1,42,29,12,40,أَصۡلَحَ,يُصلِح,,595.m4a,To become good,,اصلاح کرنا,,,,,,,,,,,,,,,,,,,,
verb,1,43,30,1,53,أَعۡرَضَ,يَعرُض,,596.m4a,to Turn away,,منہ پھیرنا,,,,,,,,,,,,,,,,,,,,
verb,1,43,30,2,21,أَغۡرَقَ,يَغرَق,,597.m4a,to Drown,,غرق کرنا، ڈبونا,,,,,,,,,,,,,,,,,,,,
verb,1,43,30,3,36,أَفۡسَدَ,يُفسِد,,598.m4a,To Spread Corruption,,خراب کرنا، فساد پھیلانا,,,,,,,,,,,,,,,,,,,,
verb,1,43,30,4,40,أَفۡلَحَ,يُفلِح,,599.m4a,To Be Successful,,فلاح پانا,,,,,,,,,,,,,,,,,,,,
verb,1,43,30,5,21,أقسَمَ,يُقسِم,,600.m4a,to swear,,قسم کھانا,,,,,,,,,,,,,,,,,,,,
verb,1,43,30,6,21,أمسَكَ,يُمسِك,,601.m4a,to hold,,روک رکھنا,,,,,,,,,,,,,,,,,,,,
verb,1,43,30,7,16,أَنبَتَ,يُنبِت,,602.m4a,to Make sth Grow,,اُگانا,,,,,,,,,,,,,,,,,,,,
verb,1,43,30,8,64,أَنذَرَ,يُنذِر,,603.m4a,to Warn,,ڈرانا,,,,,,,,,,,,,,,,,,,,
verb,1,43,30,9,190,أَنزَلَ,يُنزِل,,604.m4a,to Send Down,,نازل کرنا,,,,,,,,,,,,,,,,,,,,
verb,1,43,30,10,23,أنشَأَ,يُنشِئ,,605.m4a,to Create/ Produce,,پیدا کرنا، پرورش کرنا,,,,,,,,,,,,,,,,,,,,
verb,1,43,30,11,70,أَنفَقَ,يُنفِق,,606.m4a,to Spend,,خرچ کرنا,,,,,,,,,,,,,,,,,,,,
verb,1,43,30,12,25,أَنكَرَ,يُنكِر,,607.m4a,to Deny,,انکار کرنا، نہ پہچاننا,,,,,,,,,,,,,,,,,,,,
verb,1,43,30,13,57,أَهۡلَكَ,يُهلِك,,608.m4a,to Destroy,,ہلاک کرنا,,,,,,,,,,,,,,,,,,,,
verb,1,44,31,1,71,أقَامَ,يُقيمُ,,609.m4a,to establish,,کھڑا کرنا,,,,,,,,,,,,,,,,,,,,
verb,1,44,31,2,22,أذَاقَ,يُذيقُ,,610.m4a,to make sb taste,,چکھانا,,,,,,,,,,,,,,,,,,,,
verb,1,44,31,3,18,أعَادَ,يُعيدُ,,611.m4a,to return,,لوٹانا,,,,,,,,,,,,,,,,,,,,
verb,1,44,31,4,21,أَمَاتَ,يُميتُ,,612.m4a,to cause ss to die,,موت دینا,,,,,,,,,,,,,,,,,,,,
verb,1,44,31,5,5,أثَارَ,يُثيرُ,,613.m4a,to plough to stir,,زمین جوتنا / ہل چلانا,,,,,,,,,,,,,,,,,,,,
verb,1,44,31,6,10,أَجَابَ,يُجيبُ,,614.m4a,to respond,,جواب دینا,,,,,,,,,,,,,,,,,,,,
verb,1,44,31,7,6,أجَارَ,يُجيرُ,,615.m4a,to give protection,,پناہ دینا,,,,,,,,,,,,,,,,,,,,
verb,1,44,31,8,20,أحَاطَ,يُحيطُ,,616.m4a,to encompass,,گھیر لینا,,,,,,,,,,,,,,,,,,,,
verb,1,44,31,9,139,أرَادَ,يُريدُ,,617.m4a,to intend,,ارادہ کرنا,,,,,,,,,,,,,,,,,,,,
verb,1,44,31,10,65,أصَابَ,يُصيبُ,,618.m4a,to befall,,(کوئی چیز) آ پڑنا,,,,,,,,,,,,,,,,,,,,
verb,1,44,31,11,73,أطَاعَ,يُطيعُ,,619.m4a,to obey,,اطاعت کرنا,,,,,,,,,,,,,,,,,,,,
verb,1,44,31,12,18,أنَابَ,يُنيبُ,,620.m4a,to turn to sb,,کسی کی طرف رُخ کرنا، متوجہ ہونا,,,,,,,,,,,,,,,,,,,,
verb,1,44,31,13,17,أهَانَ,يُهينُ,,621.m4a,to humiliate,,ذلیل و رُسوا کرنا,,,,,,,,,,,,,,,,,,,,
verb,1,45,32,1,53,أَحۡيَا,يُحيي,,622.m4a,to Give Life,,زندگی دینا,,,,,,,,,,,,,,,,,,,,
verb,1,45,32,2,18,أَخۡفَى,يُخفِي,,623.m4a,to Conceal,,چھپانا,,,,,,,,,,,,,,,,,,,,
verb,1,45,32,3,75,أَلۡقَى,يُلقِي,,624.m4a,to Throw/Cast /Place,,ڈالنا,,,,,,,,,,,,,,,,,,,,
verb,1,45,32,4,23,أَنجَى,يُنجِي,,625.m4a,to Rescue/ Save/ Deliver,,بچانا,,,,,,,,,,,,,,,,,,,,
verb,1,45,32,5,15,أذَى,يُؤذِي,,626.m4a,to harm,,دُکھ دینا,,,,,,,,,,,,,,,,,,,,
verb,1,45,32,6,17,أدرَى,يُدرِي,,627.m4a,to know,,باخبر کرنا، علم میں لانا,,,,,,,,,,,,,,,,,,,,
verb,1,45,32,7,30,أَغۡنَى,يُغنِي,,628.m4a,to Avail/ aid,,کام آنا، غنی کرنا,,,,,,,,,,,,,,,,,,,,
verb,1,45,32,8,72,أَوۡحَى,يُوحِي,,629.m4a,to Reveal/ Inspire,,وحی کرنا,,,,,,,,,,,,,,,,,,,,
verb,1,45,32,9,42,أرَى,يُري,,630.m4a,to show,,دِکھانا,,,,,,,,,,,,,,,,,,,,
verb,1,45,32,10,18,أَوۡفَى,يُوفِي,,631.m4a,to Fulfill,,پورا کرنا,,,,,,,,,,,,,,,,,,,,
verb,1,45,32,11,17,أيقَنَ,يُوقِنُ,,632.m4a,to believe firmly,,پختہ یقین کرنا,,,,,,,,,,,,,,,,,,,,
verb,1,45,32,12,812,اٰمَنَ,يُؤمِنُ,,633.m4a,to believe,,ایمان لانا,,,,,,,,,,,,,,,,,,,,
verb,1,45,32,13,275,اٰتٰى,يُؤتِي,,634.m4a,to give,,دینا,,,,,,,,,,,,,,,,,,,,
verb,1,46,33,1,68,أضَلَّ,يُضلُّ,,635.m4a,to leave in error,,گمراہ کرنا,,,,,,,,,,,,,,,,,,,,
verb,1,46,33,2,17,أتَمَّ,يُتِمُّ,,636.m4a,to complete,,پورا کرنا,,,,,,,,,,,,,,,,,,,,
verb,1,46,33,3,64,أحَبَّ,يُحِبُّ,,637.m4a,to love,,پسند کرنا,,,,,,,,,,,,,,,,,,,,
verb,1,46,33,4,21,أحَلَّ,يُحِلُّ,,638.m4a,to make lawful,,حلال کرنا,,,,,,,,,,,,,,,,,,,,
verb,1,46,33,5,20,أسَرَّ,يُسرُّ,,639.m4a,to conceal,,چھپانا,,,,,,,,,,,,,,,,,,,,
verb,1,46,33,6,20,أعَدَّ,يُعدُّ,,640.m4a,to prepare,,تیار کرنا,,,,,,,,,,,,,,,,,,,,
verb,1,46,33,7,15,أتبَعَ,يُتبِعُ,,641.m4a,to follow,,پیچھا کرنا,,,,,,,,,,,,,,,,,,,,
verb,1,46,33,8,11,أذهَبَ,يُذهبُ,,642.m4a,to make away,,لے جانا,,,,,,,,,,,,,,,,,,,,
verb,1,46,33,9,15,أطعَمَ,يُطعِمُ,,643.m4a,to feed,,کھلانا,,,,,,,,,,,,,,,,,,,,
verb,1,46,33,10,18,أنظَرَ,يُنظِرُ,,644.m4a,to give respite,,مہلت دینا,,,,,,,,,,,,,,,,,,,,
verb,1,46,33,11,17,أنعَمَ,يُنعِمُ,,645.m4a,to favor,,نعمت سے نوازنا,,,,,,,,,,,,,,,,,,,,
verb,1,46,33,12,13,أحضَرَ,يُحضِرُ,,646.m4a,to brought,,حاضر کرنا,,,,,,,,,,,,,,,,,,,,
verb,1,47,34,1,18,تَبَيَّنَ,يَتبيّنُ,,647.m4a,To become clear,,کسی چیز کا ازخود واضح ہونا,,,,,,,,,,,,,,,,,,,,
verb,1,47,34,2,51,تَذَكَّرَ,يَتَذكّرُ,,648.m4a,to receive admonition,,نصیحت پکڑنا,,,,,,,,,,,,,,,,,,,,
verb,1,47,34,3,17,تَرَبَّصَ,يَتربَّصُ,,649.m4a,"To Wait, watch for opportunity",,انتظار کرنا,,,,,,,,,,,,,,,,,,,,
verb,1,47,34,4,9,تَصَدّقَ,يَتَصدّقُ,,650.m4a,to give charity,,صدقہ دینا,,,,,,,,,,,,,,,,,,,,
verb,1,47,34,5,10,تفَرّقَ,يَتفرّقُ,,651.m4a,to divide,,الگ ہونا / تقسیم کرنا,,,,,,,,,,,,,,,,,,,,
verb,1,47,34,6,17,تَفَكَّر,يَتفَكّرُ,,652.m4a,To ponder (think) over/ reflect,,غور کرنا,,,,,,,,,,,,,,,,,,,,
verb,1,47,34,7,10,تَقَبّل,يَتَقَبّلُ,,653.m4a,to accept,,قبول کرنا,,,,,,,,,,,,,,,,,,,,
verb,1,47,34,8,9,تَكَبَرَ,يَتَكبّرُ,,654.m4a,to be arrogant,,تکبر کرنا / مغرور ہونا,,,,,,,,,,,,,,,,,,,,
verb,1,47,34,9,11,تَمتَّعَ,يَتمتّعُ,,655.m4a,to enjoy,,لطف اندوز ہونا,,,,,,,,,,,,,,,,,,,,
verb,1,47,34,10,44,تَوَكَّلَ,يَتَوكّلُ,,656.m4a,to Rely on,,بھروسہ کرنا,,,,,,,,,,,,,,,,,,,,
verb,1,47,34,11,79,تَوَلَّي,يَتَولّى,,657.m4a,"To turn away, to take for a friend",,دوستی کرنا، منہ موڑنا,,,,,,,,,,,,,,,,,,,,
verb,1,48,34,12,25,تَوَفّٰی,يَتَوَفّٰی,,658.m4a,"To take, to receive in full",,جان نکالنا,,,,,,,,,,,,,,,,,,,,
verb,1,48,35,1,9,تَبَارَكَ,يَتبَاركُ,,659.m4a,To be blessed/ exalted,,برکت والا ہونا,,,,,,,,,,,,,,,,,,,,
verb,1,48,35,2,9,تَسَاءَل,يَتسَاءلُ,,660.m4a,to Wonder,,باہم سوال کرنا,,,,,,,,,,,,,,,,,,,,
verb,1,48,35,3,10,تَشابَه,يَتشابَهُ,,661.m4a,to look alike,,ایک دوسرے کے مانند ہونا,,,,,,,,,,,,,,,,,,,,
verb,1,48,35,4,7,تَنَازع,يَتنازَعُ,,662.m4a,to dispute,,آپس میں اختلاف کرنا,,,,,,,,,,,,,,,,,,,,
verb,1,48,35,5,21,تَعَالى,يَتعَالى,,663.m4a,exalted,,بلند ہونا,,,,,,,,,,,,,,,,,,,,
verb,1,48,35,6,5,اِنْشَقَّ,يَنشَقُّ,,664.m4a,cracking,,پھٹنا,,,,,,,,,,,,,,,,,,,,
verb,1,48,35,7,9,اِنْطَلَقَ,يَنطَلِقُ,,665.m4a,departure,,چلنا,,,,,,,,,,,,,,,,,,,,
verb,1,48,35,8,22,اِنۡقَلَبَ,يَنقلِبُ,,666.m4a,To turn around,,پھر جانا، اُلٹ جانا,,,,,,,,,,,,,,,,,,,,
verb,1,48,35,9,3,اِبۡيَضَّ,يَبيَضُّ,,667.m4a,To become white,,سفید ہونا,,,,,,,,,,,,,,,,,,,,
verb,1,48,35,10,5,اِسْوَدَّ,يَسوَدُّ,,668.m4a,To become black,,کالا ہونا,,,,,,,,,,,,,,,,,,,,
verb,1,49,36,1,140,ٱتَّبَعَ,يَتَّبِعُ,,669.m4a,to Follow,,پیروی کرنا,,,,,,,,,,,,,,,,,,,,
verb,1,49,36,2,52,اِخْتَلَفَ,يَختَلِفُ,,670.m4a,To differ,,اختلاف کرنا,,,,,,,,,,,,,,,,,,,,
verb,1,49,36,3,18,اِسْتَمَعَ,يَستَمِعُ,,671.m4a,to listen with attention,,توجہ سے سننا,,,,,,,,,,,,,,,,,,,,
verb,1,49,36,4,61,اِهۡتَدٰى,يَهتَدِي,,672.m4a,to be guided/ Follow the right path,,ہدایت پانا,,,,,,,,,,,,,,,,,,,,
verb,1,49,36,5,35,اِسْتَوٰى,يَستَوِي,,673.m4a,to direct,,سیدھا ہونا، برابر ہونا,,,,,,,,,,,,,,,,,,,,
verb,1,49,36,6,21,اِشْتَرٰي,يَشْتَرِي,,674.m4a,to purchase,,خریدنا,,,,,,,,,,,,,,,,,,,,
verb,1,49,36,7,18,اِعْتَدٰى,يَعتَدِي,,675.m4a,to transgress,,اہتمام سے تجاوز کرنا، زیادتی کرنا,,,,,,,,,,,,,,,,,,,,
verb,1,49,36,8,58,اِفْتَرٰى,يَفتَرِي,,676.m4a,to fabricate a lie,,جھوٹ باندھنا,,,,,,,,,,,,,,,,,,,,
verb,1,49,36,9,20,اِنۡتَهٰى,يَنتَهِي,,677.m4a,To refrain/ end,,رک جانا، چھوڑ دینا,Same word,,,,,,,,,,,,,,,,,,,
verb,1,49,36,9,20,اِنْتَهٰي,يَنْتَهِي,,678.m4a,to stop doing st,,رک جانا، چھوڑ دینا,Same word,,,,,,,,,,,,,,,,,,,
verb,1,49,36,10,48,اِبۡتَغٰي,يَبتَغِي,,679.m4a,To seek,,چاہنا، تلاش کرنا,,,,,,,,,,,,,,,,,,,,
verb,1,49,36,11,215,اِتَّقٰی,يَتَّقِي,,680.m4a,to Fear Allah,,ڈرنا، بچنا، پرہیزگاری اختیار کرنا,,,,,,,,,,,,,,,,,,,,
verb,1,49,36,12,128,اِتَّخَذَ,يَتَّخِذُ,,681.m4a,to Take,,اختیار کرنا,,,,,,,,,,,,,,,,,,,,
verb,1,50,37,1,12,اِسْتَأذَنَ,يَستَأذِنُ,,682.m4a,to ask for permission,,اجازت مانگنا,,,,,,,,,,,,,,,,,,,,
verb,1,50,37,2,13,اِسْتَضْعَفَ,يَستَضعِفُ,,683.m4a,to oppress,,کمزور سمجھنا,,,,,,,,,,,,,,,,,,,,
verb,1,50,37,3,20,اِسۡتَعْجَلَ,يَستَعْجِلُ,,684.m4a,To be impatient/ to urge impatiently,,جلدی کرنا,,,,,,,,,,,,,,,,,,,,
verb,1,50,37,4,42,اِسۡتَغْفَرَ,يَستَغفِرُ,,685.m4a,To ask forgiveness,,مغفرت چاہنا,,,,,,,,,,,,,,,,,,,,
verb,1,50,37,5,48,اِسۡتَكبَرَ,يَستَكبِرُ,,686.m4a,To act arrogantly,,گھمنڈ کرنا,,,,,,,,,,,,,,,,,,,,
verb,1,50,37,6,23,اِسۡتَهزَأَ,يَستَهزِئُ,,687.m4a,To mock/ ridicule,,ٹھٹھا کرنا,,,,,,,,,,,,,,,,,,,,
verb,1,50,37,7,47,اِسْتَقَامَ,يَستَقيمُ,,688.m4a,To be on the right path,,ثابت قدم رہنا,,,,,,,,,,,,,,,,,,,,
verb,1,50,37,8,42,اِسْتَطَاعَ,يَستَطِيعُ,,689.m4a,To be able to,,کرسکنا,,,,,,,,,,,,,,,,,,,,
verb,1,50,37,9,28,اِسْتَجَابَ,يَستَجِيبُ,,690.m4a,To respond/ accept,,قبول کرنا,,,,,,,,,,,,,,,,,,,,
verb,1,50,37,10,10,اِسْتَحْيٰ,يَستَحيِِی,,691.m4a,to be ashamed of,,زندہ رکھنا / شرمانا,,,,,,,,,,,,,,,,,,,,
verb,1,50,37,11,14,اِسْتَقَرَّ,يَستَقِرُّ,,692.m4a,to remain (in a place),,قرار پکڑنا، ٹھہرنا,,,,,,,,,,,,,,,,,,,,
verb,1,51,38,1,,ضَرَبَ في,,,693.m4a,went forth,,زمین میں گھوما، پھرا,,,,,,,,,,,,,,,,,,,,
verb,1,51,38,2,,ضَرَبَ لِ,,,694.m4a,mentioned,,بیان کیا,,,,,,,,,,,,,,,,,,,,
verb,1,51,38,3,,ضَرَبَ عَلى,,,695.m4a,struck upon,,لازم کیا، لگا دیا,,,,,,,,,,,,,,,,,,,,
verb,1,51,38,4,,ضَرَبَ مثلاً,,,696.m4a,gave example,,مثال دی,,,,,,,,,,,,,,,,,,,,
verb,1,51,38,5,,عَفَا,,,697.m4a,abound,,بڑھا، زیادہ ہوا,,,,,,,,,,,,,,,,,,,,
verb,1,51,38,6,,عَفَا عَن,,,698.m4a,forgave,,معاف کیا,,,,,,,,,,,,,,,,,,,,
verb,1,51,38,7,,قَضَى,,,699.m4a,decreed,,حکم سنایا، پورا کیا,,,,,,,,,,,,,,,,,,,,
verb,1,51,38,8,,قَضَى بَينَ,,,700.m4a,judged,,فیصلہ کیا، معاملہ طے کیا,,,,,,,,,,,,,,,,,,,,
verb,1,51,38,9,,قَضَى عَلَى,,,701.m4a,killed,,ختم کیا، کام تمام کیا,,,,,,,,,,,,,,,,,,,,
verb,1,51,38,10,,وَضَعَ,,,702.m4a,put,,رکھا، اُتارا,,,,,,,,,,,,,,,,,,,,
verb,1,51,38,11,,وَضَعَ عَن,,,703.m4a,removed,,اُتارا,,,,,,,,,,,,,,,,,,,,
verb,1,51,38,12,,وَلَّى,,,704.m4a,turned,,منہ پھیرا,,,,,,,,,,,,,,,,,,,,
verb,1,51,38,13,,وَلَّى إلى,,,705.m4a,turned to,,رُخ کیا,,,,,,,,,,,,,,,,,,,,
verb,1,51,38,14,,وَلَّى عن,,,706.m4a,turned away from,,اعراض کیا، منہ پھیرا,,,,,,,,,,,,,,,,,,,,
verb,1,51,38,1,,أَتَى,,,707.m4a,came,,آیا,,,,,,,,,,,,,,,,,,,,
verb,1,51,38,2,,أتَى بـِ,,,708.m4a,came with,,لایا,,,,,,,,,,,,,,,,,,,,
verb,1,51,38,3,,بَغَى,,,709.m4a,sought,,چاہا، ظلم و زیادتی کی، زنا کیا,,,,,,,,,,,,,,,,,,,,
verb,1,51,38,4,,بَغَى عَلَى,,,710.m4a,oppressed,,زیادتی یا سرکشی کی,,,,,,,,,,,,,,,,,,,,
verb,1,51,38,5,,تَابَ,,,711.m4a,turned to,,توبہ کی,,,,,,,,,,,,,,,,,,,,
verb,1,51,38,5,,تَابَ إلى,,,712.m4a,repented,,توبہ کی,,,,,,,,,,,,,,,,,,,,
verb,1,51,38,6,,تَابَ عَلَى,,,713.m4a,accepted repentance,,توبہ قبول کی,,,,,,,,,,,,,,,,,,,,
verb,1,51,38,7,,جَاءَ,,,714.m4a,came,,آیا,,,,,,,,,,,,,,,,,,,,
verb,1,51,38,8,,جَاءَ بـِ,,,715.m4a,came with,,لایا,,,,,,,,,,,,,,,,,,,,
verb,1,51,38,9,,ذَهَبَ,,,716.m4a,went,,گیا,,,,,,,,,,,,,,,,,,,,
verb,1,51,38,10,,ذَهَبَ بـِ,,,717.m4a,went with,,لے گیا,,,,,,,,,,,,,,,,,,,,
verb,1,51,38,11,,ذَهَبَ عَن,,,718.m4a,went away,,دور کیا,,,,,,,,,,,,,,,,,,,,
verb,1,51,38,12,,رَضِيَ,,,719.m4a,was contented,,مان لیا، پسند کیا,,,,,,,,,,,,,,,,,,,,
verb,1,51,38,13,,رَضِيَ عَن,,,720.m4a,pleased with sb,,خوش ہوا (کسی سے),,,,,,,,,,,,,,,,,,,,
verb,1,51,38,14,,ضَرَبَ,,,721.m4a,struck,,مارا,,,,,,,,,,,,,,,,,,,,